"","date","location","location_name","value"
"1",2024-01-06,"01","Alabama",31
"2",2024-01-13,"01","Alabama",79
"3",2024-01-20,"01","Alabama",51
"4",2024-01-27,"01","Alabama",14
"5",2024-02-03,"01","Alabama",67
"6",2024-02-10,"01","Alabama",42
"7",2024-02-17,"01","Alabama",50
"8",2024-02-24,"01","Alabama",43
"9",2024-03-02,"01","Alabama",14
"10",2024-03-09,"01","Alabama",25
"11",2024-03-16,"01","Alabama",90
"12",2024-03-23,"01","Alabama",91
"13",2024-03-30,"01","Alabama",69
"14",2024-04-06,"01","Alabama",91
"15",2024-04-13,"01","Alabama",57
"16",2024-04-20,"01","Alabama",92
"17",2024-04-27,"01","Alabama",9
"18",2024-05-04,"01","Alabama",93
"19",2024-05-11,"01","Alabama",99
"20",2024-05-18,"01","Alabama",72
"21",2024-05-25,"01","Alabama",26
"22",2024-06-01,"01","Alabama",7
"23",2024-06-08,"01","Alabama",42
"24",2024-06-15,"01","Alabama",9
"25",2024-06-22,"01","Alabama",83
"26",2024-06-29,"01","Alabama",36
"27",2024-07-06,"01","Alabama",78
"28",2024-07-13,"01","Alabama",81
"29",2024-07-20,"01","Alabama",43
"30",2024-07-27,"01","Alabama",76
"31",2024-08-03,"01","Alabama",15
"32",2024-08-10,"01","Alabama",32
"33",2024-08-17,"01","Alabama",7
"34",2024-08-24,"01","Alabama",9
"35",2024-08-31,"01","Alabama",41
"36",2024-09-07,"01","Alabama",74
"37",2024-09-14,"01","Alabama",23
"38",2024-09-21,"01","Alabama",27
"39",2024-09-28,"01","Alabama",60
"40",2024-10-05,"01","Alabama",53
"41",2024-10-12,"01","Alabama",7
"42",2024-10-19,"01","Alabama",53
"43",2024-10-26,"01","Alabama",27
"44",2024-01-06,"02","Alaska",96
"45",2024-01-13,"02","Alaska",38
"46",2024-01-20,"02","Alaska",89
"47",2024-01-27,"02","Alaska",34
"48",2024-02-03,"02","Alaska",93
"49",2024-02-10,"02","Alaska",69
"50",2024-02-17,"02","Alaska",72
"51",2024-02-24,"02","Alaska",76
"52",2024-03-02,"02","Alaska",63
"53",2024-03-09,"02","Alaska",13
"54",2024-03-16,"02","Alaska",82
"55",2024-03-23,"02","Alaska",97
"56",2024-03-30,"02","Alaska",91
"57",2024-04-06,"02","Alaska",25
"58",2024-04-13,"02","Alaska",38
"59",2024-04-20,"02","Alaska",21
"60",2024-04-27,"02","Alaska",79
"61",2024-05-04,"02","Alaska",41
"62",2024-05-11,"02","Alaska",47
"63",2024-05-18,"02","Alaska",90
"64",2024-05-25,"02","Alaska",60
"65",2024-06-01,"02","Alaska",95
"66",2024-06-08,"02","Alaska",16
"67",2024-06-15,"02","Alaska",94
"68",2024-06-22,"02","Alaska",6
"69",2024-06-29,"02","Alaska",72
"70",2024-07-06,"02","Alaska",86
"71",2024-07-13,"02","Alaska",86
"72",2024-07-20,"02","Alaska",39
"73",2024-07-27,"02","Alaska",31
"74",2024-08-03,"02","Alaska",81
"75",2024-08-10,"02","Alaska",50
"76",2024-08-17,"02","Alaska",34
"77",2024-08-24,"02","Alaska",4
"78",2024-08-31,"02","Alaska",13
"79",2024-09-07,"02","Alaska",69
"80",2024-09-14,"02","Alaska",25
"81",2024-09-21,"02","Alaska",52
"82",2024-09-28,"02","Alaska",22
"83",2024-10-05,"02","Alaska",89
"84",2024-10-12,"02","Alaska",32
"85",2024-10-19,"02","Alaska",25
"86",2024-10-26,"02","Alaska",87
"87",2024-01-06,"04","Arizona",35
"88",2024-01-13,"04","Arizona",40
"89",2024-01-20,"04","Arizona",30
"90",2024-01-27,"04","Arizona",12
"91",2024-02-03,"04","Arizona",31
"92",2024-02-10,"04","Arizona",30
"93",2024-02-17,"04","Arizona",64
"94",2024-02-24,"04","Arizona",99
"95",2024-03-02,"04","Arizona",14
"96",2024-03-09,"04","Arizona",93
"97",2024-03-16,"04","Arizona",96
"98",2024-03-23,"04","Arizona",71
"99",2024-03-30,"04","Arizona",67
"100",2024-04-06,"04","Arizona",23
"101",2024-04-13,"04","Arizona",79
"102",2024-04-20,"04","Arizona",85
"103",2024-04-27,"04","Arizona",37
"104",2024-05-04,"04","Arizona",8
"105",2024-05-11,"04","Arizona",51
"106",2024-05-18,"04","Arizona",74
"107",2024-05-25,"04","Arizona",50
"108",2024-06-01,"04","Arizona",98
"109",2024-06-08,"04","Arizona",74
"110",2024-06-15,"04","Arizona",86
"111",2024-06-22,"04","Arizona",76
"112",2024-06-29,"04","Arizona",84
"113",2024-07-06,"04","Arizona",46
"114",2024-07-13,"04","Arizona",17
"115",2024-07-20,"04","Arizona",62
"116",2024-07-27,"04","Arizona",46
"117",2024-08-03,"04","Arizona",54
"118",2024-08-10,"04","Arizona",35
"119",2024-08-17,"04","Arizona",94
"120",2024-08-24,"04","Arizona",79
"121",2024-08-31,"04","Arizona",24
"122",2024-09-07,"04","Arizona",87
"123",2024-09-14,"04","Arizona",7
"124",2024-09-21,"04","Arizona",93
"125",2024-09-28,"04","Arizona",79
"126",2024-10-05,"04","Arizona",23
"127",2024-10-12,"04","Arizona",26
"128",2024-10-19,"04","Arizona",32
"129",2024-10-26,"04","Arizona",7
"130",2024-01-06,"05","Arkansas",27
"131",2024-01-13,"05","Arkansas",42
"132",2024-01-20,"05","Arkansas",5
"133",2024-01-27,"05","Arkansas",70
"134",2024-02-03,"05","Arkansas",16
"135",2024-02-10,"05","Arkansas",24
"136",2024-02-17,"05","Arkansas",32
"137",2024-02-24,"05","Arkansas",21
"138",2024-03-02,"05","Arkansas",55
"139",2024-03-09,"05","Arkansas",75
"140",2024-03-16,"05","Arkansas",36
"141",2024-03-23,"05","Arkansas",83
"142",2024-03-30,"05","Arkansas",89
"143",2024-04-06,"05","Arkansas",39
"144",2024-04-13,"05","Arkansas",54
"145",2024-04-20,"05","Arkansas",90
"146",2024-04-27,"05","Arkansas",9
"147",2024-05-04,"05","Arkansas",71
"148",2024-05-11,"05","Arkansas",98
"149",2024-05-18,"05","Arkansas",48
"150",2024-05-25,"05","Arkansas",77
"151",2024-06-01,"05","Arkansas",83
"152",2024-06-08,"05","Arkansas",56
"153",2024-06-15,"05","Arkansas",39
"154",2024-06-22,"05","Arkansas",68
"155",2024-06-29,"05","Arkansas",1
"156",2024-07-06,"05","Arkansas",40
"157",2024-07-13,"05","Arkansas",30
"158",2024-07-20,"05","Arkansas",94
"159",2024-07-27,"05","Arkansas",89
"160",2024-08-03,"05","Arkansas",16
"161",2024-08-10,"05","Arkansas",88
"162",2024-08-17,"05","Arkansas",54
"163",2024-08-24,"05","Arkansas",75
"164",2024-08-31,"05","Arkansas",48
"165",2024-09-07,"05","Arkansas",20
"166",2024-09-14,"05","Arkansas",67
"167",2024-09-21,"05","Arkansas",93
"168",2024-09-28,"05","Arkansas",36
"169",2024-10-05,"05","Arkansas",52
"170",2024-10-12,"05","Arkansas",22
"171",2024-10-19,"05","Arkansas",49
"172",2024-10-26,"05","Arkansas",42
"173",2024-01-06,"06","California",59
"174",2024-01-13,"06","California",84
"175",2024-01-20,"06","California",11
"176",2024-01-27,"06","California",55
"177",2024-02-03,"06","California",8
"178",2024-02-10,"06","California",46
"179",2024-02-17,"06","California",85
"180",2024-02-24,"06","California",66
"181",2024-03-02,"06","California",77
"182",2024-03-09,"06","California",46
"183",2024-03-16,"06","California",70
"184",2024-03-23,"06","California",72
"185",2024-03-30,"06","California",44
"186",2024-04-06,"06","California",32
"187",2024-04-13,"06","California",36
"188",2024-04-20,"06","California",45
"189",2024-04-27,"06","California",14
"190",2024-05-04,"06","California",16
"191",2024-05-11,"06","California",87
"192",2024-05-18,"06","California",33
"193",2024-05-25,"06","California",40
"194",2024-06-01,"06","California",40
"195",2024-06-08,"06","California",10
"196",2024-06-15,"06","California",89
"197",2024-06-22,"06","California",72
"198",2024-06-29,"06","California",82
"199",2024-07-06,"06","California",9
"200",2024-07-13,"06","California",7
"201",2024-07-20,"06","California",7
"202",2024-07-27,"06","California",58
"203",2024-08-03,"06","California",61
"204",2024-08-10,"06","California",74
"205",2024-08-17,"06","California",24
"206",2024-08-24,"06","California",63
"207",2024-08-31,"06","California",54
"208",2024-09-07,"06","California",23
"209",2024-09-14,"06","California",26
"210",2024-09-21,"06","California",33
"211",2024-09-28,"06","California",57
"212",2024-10-05,"06","California",29
"213",2024-10-12,"06","California",10
"214",2024-10-19,"06","California",53
"215",2024-10-26,"06","California",54
"216",2024-01-06,"08","Colorado",77
"217",2024-01-13,"08","Colorado",11
"218",2024-01-20,"08","Colorado",25
"219",2024-01-27,"08","Colorado",52
"220",2024-02-03,"08","Colorado",26
"221",2024-02-10,"08","Colorado",7
"222",2024-02-17,"08","Colorado",25
"223",2024-02-24,"08","Colorado",87
"224",2024-03-02,"08","Colorado",90
"225",2024-03-09,"08","Colorado",32
"226",2024-03-16,"08","Colorado",84
"227",2024-03-23,"08","Colorado",24
"228",2024-03-30,"08","Colorado",57
"229",2024-04-06,"08","Colorado",73
"230",2024-04-13,"08","Colorado",23
"231",2024-04-20,"08","Colorado",14
"232",2024-04-27,"08","Colorado",6
"233",2024-05-04,"08","Colorado",91
"234",2024-05-11,"08","Colorado",1
"235",2024-05-18,"08","Colorado",90
"236",2024-05-25,"08","Colorado",58
"237",2024-06-01,"08","Colorado",81
"238",2024-06-08,"08","Colorado",29
"239",2024-06-15,"08","Colorado",26
"240",2024-06-22,"08","Colorado",27
"241",2024-06-29,"08","Colorado",85
"242",2024-07-06,"08","Colorado",7
"243",2024-07-13,"08","Colorado",60
"244",2024-07-20,"08","Colorado",26
"245",2024-07-27,"08","Colorado",41
"246",2024-08-03,"08","Colorado",84
"247",2024-08-10,"08","Colorado",6
"248",2024-08-17,"08","Colorado",94
"249",2024-08-24,"08","Colorado",31
"250",2024-08-31,"08","Colorado",93
"251",2024-09-07,"08","Colorado",17
"252",2024-09-14,"08","Colorado",64
"253",2024-09-21,"08","Colorado",37
"254",2024-09-28,"08","Colorado",57
"255",2024-10-05,"08","Colorado",20
"256",2024-10-12,"08","Colorado",35
"257",2024-10-19,"08","Colorado",89
"258",2024-10-26,"08","Colorado",33
"259",2024-01-06,"09","Connecticut",66
"260",2024-01-13,"09","Connecticut",4
"261",2024-01-20,"09","Connecticut",74
"262",2024-01-27,"09","Connecticut",97
"263",2024-02-03,"09","Connecticut",5
"264",2024-02-10,"09","Connecticut",25
"265",2024-02-17,"09","Connecticut",8
"266",2024-02-24,"09","Connecticut",55
"267",2024-03-02,"09","Connecticut",89
"268",2024-03-09,"09","Connecticut",85
"269",2024-03-16,"09","Connecticut",45
"270",2024-03-23,"09","Connecticut",18
"271",2024-03-30,"09","Connecticut",42
"272",2024-04-06,"09","Connecticut",31
"273",2024-04-13,"09","Connecticut",6
"274",2024-04-20,"09","Connecticut",71
"275",2024-04-27,"09","Connecticut",61
"276",2024-05-04,"09","Connecticut",48
"277",2024-05-11,"09","Connecticut",17
"278",2024-05-18,"09","Connecticut",45
"279",2024-05-25,"09","Connecticut",92
"280",2024-06-01,"09","Connecticut",63
"281",2024-06-08,"09","Connecticut",53
"282",2024-06-15,"09","Connecticut",53
"283",2024-06-22,"09","Connecticut",63
"284",2024-06-29,"09","Connecticut",71
"285",2024-07-06,"09","Connecticut",84
"286",2024-07-13,"09","Connecticut",82
"287",2024-07-20,"09","Connecticut",93
"288",2024-07-27,"09","Connecticut",17
"289",2024-08-03,"09","Connecticut",97
"290",2024-08-10,"09","Connecticut",2
"291",2024-08-17,"09","Connecticut",49
"292",2024-08-24,"09","Connecticut",2
"293",2024-08-31,"09","Connecticut",13
"294",2024-09-07,"09","Connecticut",24
"295",2024-09-14,"09","Connecticut",49
"296",2024-09-21,"09","Connecticut",67
"297",2024-09-28,"09","Connecticut",82
"298",2024-10-05,"09","Connecticut",2
"299",2024-10-12,"09","Connecticut",37
"300",2024-10-19,"09","Connecticut",63
"301",2024-10-26,"09","Connecticut",76
"302",2024-01-06,"10","Delaware",13
"303",2024-01-13,"10","Delaware",42
"304",2024-01-20,"10","Delaware",61
"305",2024-01-27,"10","Delaware",70
"306",2024-02-03,"10","Delaware",38
"307",2024-02-10,"10","Delaware",64
"308",2024-02-17,"10","Delaware",80
"309",2024-02-24,"10","Delaware",99
"310",2024-03-02,"10","Delaware",36
"311",2024-03-09,"10","Delaware",91
"312",2024-03-16,"10","Delaware",91
"313",2024-03-23,"10","Delaware",35
"314",2024-03-30,"10","Delaware",87
"315",2024-04-06,"10","Delaware",67
"316",2024-04-13,"10","Delaware",95
"317",2024-04-20,"10","Delaware",48
"318",2024-04-27,"10","Delaware",66
"319",2024-05-04,"10","Delaware",23
"320",2024-05-11,"10","Delaware",67
"321",2024-05-18,"10","Delaware",9
"322",2024-05-25,"10","Delaware",61
"323",2024-06-01,"10","Delaware",39
"324",2024-06-08,"10","Delaware",94
"325",2024-06-15,"10","Delaware",31
"326",2024-06-22,"10","Delaware",94
"327",2024-06-29,"10","Delaware",73
"328",2024-07-06,"10","Delaware",36
"329",2024-07-13,"10","Delaware",98
"330",2024-07-20,"10","Delaware",22
"331",2024-07-27,"10","Delaware",44
"332",2024-08-03,"10","Delaware",41
"333",2024-08-10,"10","Delaware",92
"334",2024-08-17,"10","Delaware",93
"335",2024-08-24,"10","Delaware",43
"336",2024-08-31,"10","Delaware",39
"337",2024-09-07,"10","Delaware",37
"338",2024-09-14,"10","Delaware",33
"339",2024-09-21,"10","Delaware",83
"340",2024-09-28,"10","Delaware",12
"341",2024-10-05,"10","Delaware",98
"342",2024-10-12,"10","Delaware",21
"343",2024-10-19,"10","Delaware",81
"344",2024-10-26,"10","Delaware",76
"345",2024-01-06,"11","District of Columbia",94
"346",2024-01-13,"11","District of Columbia",35
"347",2024-01-20,"11","District of Columbia",30
"348",2024-01-27,"11","District of Columbia",89
"349",2024-02-03,"11","District of Columbia",50
"350",2024-02-10,"11","District of Columbia",47
"351",2024-02-17,"11","District of Columbia",67
"352",2024-02-24,"11","District of Columbia",82
"353",2024-03-02,"11","District of Columbia",96
"354",2024-03-09,"11","District of Columbia",81
"355",2024-03-16,"11","District of Columbia",42
"356",2024-03-23,"11","District of Columbia",40
"357",2024-03-30,"11","District of Columbia",42
"358",2024-04-06,"11","District of Columbia",96
"359",2024-04-13,"11","District of Columbia",26
"360",2024-04-20,"11","District of Columbia",13
"361",2024-04-27,"11","District of Columbia",20
"362",2024-05-04,"11","District of Columbia",20
"363",2024-05-11,"11","District of Columbia",93
"364",2024-05-18,"11","District of Columbia",84
"365",2024-05-25,"11","District of Columbia",94
"366",2024-06-01,"11","District of Columbia",41
"367",2024-06-08,"11","District of Columbia",8
"368",2024-06-15,"11","District of Columbia",39
"369",2024-06-22,"11","District of Columbia",74
"370",2024-06-29,"11","District of Columbia",81
"371",2024-07-06,"11","District of Columbia",63
"372",2024-07-13,"11","District of Columbia",82
"373",2024-07-20,"11","District of Columbia",11
"374",2024-07-27,"11","District of Columbia",2
"375",2024-08-03,"11","District of Columbia",19
"376",2024-08-10,"11","District of Columbia",77
"377",2024-08-17,"11","District of Columbia",13
"378",2024-08-24,"11","District of Columbia",31
"379",2024-08-31,"11","District of Columbia",30
"380",2024-09-07,"11","District of Columbia",22
"381",2024-09-14,"11","District of Columbia",94
"382",2024-09-21,"11","District of Columbia",74
"383",2024-09-28,"11","District of Columbia",16
"384",2024-10-05,"11","District of Columbia",69
"385",2024-10-12,"11","District of Columbia",36
"386",2024-10-19,"11","District of Columbia",50
"387",2024-10-26,"11","District of Columbia",33
"388",2024-01-06,"12","Florida",80
"389",2024-01-13,"12","Florida",28
"390",2024-01-20,"12","Florida",49
"391",2024-01-27,"12","Florida",12
"392",2024-02-03,"12","Florida",53
"393",2024-02-10,"12","Florida",28
"394",2024-02-17,"12","Florida",66
"395",2024-02-24,"12","Florida",50
"396",2024-03-02,"12","Florida",76
"397",2024-03-09,"12","Florida",47
"398",2024-03-16,"12","Florida",51
"399",2024-03-23,"12","Florida",6
"400",2024-03-30,"12","Florida",80
"401",2024-04-06,"12","Florida",15
"402",2024-04-13,"12","Florida",19
"403",2024-04-20,"12","Florida",59
"404",2024-04-27,"12","Florida",3
"405",2024-05-04,"12","Florida",97
"406",2024-05-11,"12","Florida",33
"407",2024-05-18,"12","Florida",48
"408",2024-05-25,"12","Florida",75
"409",2024-06-01,"12","Florida",100
"410",2024-06-08,"12","Florida",45
"411",2024-06-15,"12","Florida",10
"412",2024-06-22,"12","Florida",42
"413",2024-06-29,"12","Florida",24
"414",2024-07-06,"12","Florida",92
"415",2024-07-13,"12","Florida",18
"416",2024-07-20,"12","Florida",81
"417",2024-07-27,"12","Florida",84
"418",2024-08-03,"12","Florida",59
"419",2024-08-10,"12","Florida",9
"420",2024-08-17,"12","Florida",53
"421",2024-08-24,"12","Florida",11
"422",2024-08-31,"12","Florida",8
"423",2024-09-07,"12","Florida",5
"424",2024-09-14,"12","Florida",29
"425",2024-09-21,"12","Florida",50
"426",2024-09-28,"12","Florida",70
"427",2024-10-05,"12","Florida",74
"428",2024-10-12,"12","Florida",26
"429",2024-10-19,"12","Florida",73
"430",2024-10-26,"12","Florida",11
"431",2024-01-06,"13","Georgia",6
"432",2024-01-13,"13","Georgia",96
"433",2024-01-20,"13","Georgia",76
"434",2024-01-27,"13","Georgia",83
"435",2024-02-03,"13","Georgia",91
"436",2024-02-10,"13","Georgia",56
"437",2024-02-17,"13","Georgia",96
"438",2024-02-24,"13","Georgia",27
"439",2024-03-02,"13","Georgia",94
"440",2024-03-09,"13","Georgia",68
"441",2024-03-16,"13","Georgia",88
"442",2024-03-23,"13","Georgia",28
"443",2024-03-30,"13","Georgia",67
"444",2024-04-06,"13","Georgia",40
"445",2024-04-13,"13","Georgia",6
"446",2024-04-20,"13","Georgia",36
"447",2024-04-27,"13","Georgia",55
"448",2024-05-04,"13","Georgia",94
"449",2024-05-11,"13","Georgia",48
"450",2024-05-18,"13","Georgia",10
"451",2024-05-25,"13","Georgia",25
"452",2024-06-01,"13","Georgia",38
"453",2024-06-08,"13","Georgia",100
"454",2024-06-15,"13","Georgia",25
"455",2024-06-22,"13","Georgia",4
"456",2024-06-29,"13","Georgia",79
"457",2024-07-06,"13","Georgia",52
"458",2024-07-13,"13","Georgia",22
"459",2024-07-20,"13","Georgia",24
"460",2024-07-27,"13","Georgia",39
"461",2024-08-03,"13","Georgia",47
"462",2024-08-10,"13","Georgia",60
"463",2024-08-17,"13","Georgia",63
"464",2024-08-24,"13","Georgia",37
"465",2024-08-31,"13","Georgia",46
"466",2024-09-07,"13","Georgia",54
"467",2024-09-14,"13","Georgia",47
"468",2024-09-21,"13","Georgia",79
"469",2024-09-28,"13","Georgia",16
"470",2024-10-05,"13","Georgia",19
"471",2024-10-12,"13","Georgia",72
"472",2024-10-19,"13","Georgia",31
"473",2024-10-26,"13","Georgia",37
"474",2024-01-06,"15","Hawaii",48
"475",2024-01-13,"15","Hawaii",60
"476",2024-01-20,"15","Hawaii",62
"477",2024-01-27,"15","Hawaii",80
"478",2024-02-03,"15","Hawaii",9
"479",2024-02-10,"15","Hawaii",11
"480",2024-02-17,"15","Hawaii",43
"481",2024-02-24,"15","Hawaii",30
"482",2024-03-02,"15","Hawaii",61
"483",2024-03-09,"15","Hawaii",74
"484",2024-03-16,"15","Hawaii",55
"485",2024-03-23,"15","Hawaii",61
"486",2024-03-30,"15","Hawaii",34
"487",2024-04-06,"15","Hawaii",57
"488",2024-04-13,"15","Hawaii",38
"489",2024-04-20,"15","Hawaii",84
"490",2024-04-27,"15","Hawaii",63
"491",2024-05-04,"15","Hawaii",46
"492",2024-05-11,"15","Hawaii",78
"493",2024-05-18,"15","Hawaii",70
"494",2024-05-25,"15","Hawaii",18
"495",2024-06-01,"15","Hawaii",2
"496",2024-06-08,"15","Hawaii",72
"497",2024-06-15,"15","Hawaii",75
"498",2024-06-22,"15","Hawaii",21
"499",2024-06-29,"15","Hawaii",57
"500",2024-07-06,"15","Hawaii",71
"501",2024-07-13,"15","Hawaii",87
"502",2024-07-20,"15","Hawaii",72
"503",2024-07-27,"15","Hawaii",59
"504",2024-08-03,"15","Hawaii",74
"505",2024-08-10,"15","Hawaii",37
"506",2024-08-17,"15","Hawaii",81
"507",2024-08-24,"15","Hawaii",55
"508",2024-08-31,"15","Hawaii",6
"509",2024-09-07,"15","Hawaii",40
"510",2024-09-14,"15","Hawaii",6
"511",2024-09-21,"15","Hawaii",28
"512",2024-09-28,"15","Hawaii",32
"513",2024-10-05,"15","Hawaii",49
"514",2024-10-12,"15","Hawaii",99
"515",2024-10-19,"15","Hawaii",92
"516",2024-10-26,"15","Hawaii",84
"517",2024-01-06,"16","Idaho",65
"518",2024-01-13,"16","Idaho",69
"519",2024-01-20,"16","Idaho",75
"520",2024-01-27,"16","Idaho",47
"521",2024-02-03,"16","Idaho",20
"522",2024-02-10,"16","Idaho",2
"523",2024-02-17,"16","Idaho",62
"524",2024-02-24,"16","Idaho",63
"525",2024-03-02,"16","Idaho",62
"526",2024-03-09,"16","Idaho",10
"527",2024-03-16,"16","Idaho",59
"528",2024-03-23,"16","Idaho",49
"529",2024-03-30,"16","Idaho",7
"530",2024-04-06,"16","Idaho",61
"531",2024-04-13,"16","Idaho",38
"532",2024-04-20,"16","Idaho",36
"533",2024-04-27,"16","Idaho",23
"534",2024-05-04,"16","Idaho",34
"535",2024-05-11,"16","Idaho",88
"536",2024-05-18,"16","Idaho",4
"537",2024-05-25,"16","Idaho",54
"538",2024-06-01,"16","Idaho",29
"539",2024-06-08,"16","Idaho",58
"540",2024-06-15,"16","Idaho",87
"541",2024-06-22,"16","Idaho",75
"542",2024-06-29,"16","Idaho",97
"543",2024-07-06,"16","Idaho",56
"544",2024-07-13,"16","Idaho",51
"545",2024-07-20,"16","Idaho",50
"546",2024-07-27,"16","Idaho",48
"547",2024-08-03,"16","Idaho",3
"548",2024-08-10,"16","Idaho",33
"549",2024-08-17,"16","Idaho",94
"550",2024-08-24,"16","Idaho",34
"551",2024-08-31,"16","Idaho",66
"552",2024-09-07,"16","Idaho",64
"553",2024-09-14,"16","Idaho",40
"554",2024-09-21,"16","Idaho",58
"555",2024-09-28,"16","Idaho",20
"556",2024-10-05,"16","Idaho",78
"557",2024-10-12,"16","Idaho",25
"558",2024-10-19,"16","Idaho",71
"559",2024-10-26,"16","Idaho",40
"560",2024-01-06,"17","Illinois",61
"561",2024-01-13,"17","Illinois",99
"562",2024-01-20,"17","Illinois",95
"563",2024-01-27,"17","Illinois",22
"564",2024-02-03,"17","Illinois",80
"565",2024-02-10,"17","Illinois",86
"566",2024-02-17,"17","Illinois",93
"567",2024-02-24,"17","Illinois",56
"568",2024-03-02,"17","Illinois",33
"569",2024-03-09,"17","Illinois",64
"570",2024-03-16,"17","Illinois",53
"571",2024-03-23,"17","Illinois",31
"572",2024-03-30,"17","Illinois",46
"573",2024-04-06,"17","Illinois",72
"574",2024-04-13,"17","Illinois",24
"575",2024-04-20,"17","Illinois",60
"576",2024-04-27,"17","Illinois",30
"577",2024-05-04,"17","Illinois",23
"578",2024-05-11,"17","Illinois",96
"579",2024-05-18,"17","Illinois",17
"580",2024-05-25,"17","Illinois",90
"581",2024-06-01,"17","Illinois",59
"582",2024-06-08,"17","Illinois",57
"583",2024-06-15,"17","Illinois",43
"584",2024-06-22,"17","Illinois",23
"585",2024-06-29,"17","Illinois",90
"586",2024-07-06,"17","Illinois",100
"587",2024-07-13,"17","Illinois",45
"588",2024-07-20,"17","Illinois",8
"589",2024-07-27,"17","Illinois",79
"590",2024-08-03,"17","Illinois",36
"591",2024-08-10,"17","Illinois",67
"592",2024-08-17,"17","Illinois",39
"593",2024-08-24,"17","Illinois",33
"594",2024-08-31,"17","Illinois",38
"595",2024-09-07,"17","Illinois",90
"596",2024-09-14,"17","Illinois",28
"597",2024-09-21,"17","Illinois",90
"598",2024-09-28,"17","Illinois",81
"599",2024-10-05,"17","Illinois",87
"600",2024-10-12,"17","Illinois",53
"601",2024-10-19,"17","Illinois",10
"602",2024-10-26,"17","Illinois",41
"603",2024-01-06,"18","Indiana",8
"604",2024-01-13,"18","Indiana",1
"605",2024-01-20,"18","Indiana",80
"606",2024-01-27,"18","Indiana",66
"607",2024-02-03,"18","Indiana",78
"608",2024-02-10,"18","Indiana",12
"609",2024-02-17,"18","Indiana",90
"610",2024-02-24,"18","Indiana",72
"611",2024-03-02,"18","Indiana",41
"612",2024-03-09,"18","Indiana",8
"613",2024-03-16,"18","Indiana",57
"614",2024-03-23,"18","Indiana",73
"615",2024-03-30,"18","Indiana",52
"616",2024-04-06,"18","Indiana",97
"617",2024-04-13,"18","Indiana",67
"618",2024-04-20,"18","Indiana",40
"619",2024-04-27,"18","Indiana",2
"620",2024-05-04,"18","Indiana",65
"621",2024-05-11,"18","Indiana",73
"622",2024-05-18,"18","Indiana",7
"623",2024-05-25,"18","Indiana",77
"624",2024-06-01,"18","Indiana",29
"625",2024-06-08,"18","Indiana",20
"626",2024-06-15,"18","Indiana",78
"627",2024-06-22,"18","Indiana",80
"628",2024-06-29,"18","Indiana",7
"629",2024-07-06,"18","Indiana",100
"630",2024-07-13,"18","Indiana",45
"631",2024-07-20,"18","Indiana",76
"632",2024-07-27,"18","Indiana",25
"633",2024-08-03,"18","Indiana",91
"634",2024-08-10,"18","Indiana",13
"635",2024-08-17,"18","Indiana",84
"636",2024-08-24,"18","Indiana",10
"637",2024-08-31,"18","Indiana",94
"638",2024-09-07,"18","Indiana",41
"639",2024-09-14,"18","Indiana",12
"640",2024-09-21,"18","Indiana",8
"641",2024-09-28,"18","Indiana",71
"642",2024-10-05,"18","Indiana",15
"643",2024-10-12,"18","Indiana",83
"644",2024-10-19,"18","Indiana",49
"645",2024-10-26,"18","Indiana",39
"646",2024-01-06,"19","Iowa",87
"647",2024-01-13,"19","Iowa",35
"648",2024-01-20,"19","Iowa",6
"649",2024-01-27,"19","Iowa",71
"650",2024-02-03,"19","Iowa",4
"651",2024-02-10,"19","Iowa",74
"652",2024-02-17,"19","Iowa",81
"653",2024-02-24,"19","Iowa",48
"654",2024-03-02,"19","Iowa",8
"655",2024-03-09,"19","Iowa",53
"656",2024-03-16,"19","Iowa",67
"657",2024-03-23,"19","Iowa",53
"658",2024-03-30,"19","Iowa",14
"659",2024-04-06,"19","Iowa",28
"660",2024-04-13,"19","Iowa",6
"661",2024-04-20,"19","Iowa",9
"662",2024-04-27,"19","Iowa",33
"663",2024-05-04,"19","Iowa",46
"664",2024-05-11,"19","Iowa",64
"665",2024-05-18,"19","Iowa",19
"666",2024-05-25,"19","Iowa",98
"667",2024-06-01,"19","Iowa",1
"668",2024-06-08,"19","Iowa",92
"669",2024-06-15,"19","Iowa",52
"670",2024-06-22,"19","Iowa",94
"671",2024-06-29,"19","Iowa",68
"672",2024-07-06,"19","Iowa",90
"673",2024-07-13,"19","Iowa",75
"674",2024-07-20,"19","Iowa",5
"675",2024-07-27,"19","Iowa",100
"676",2024-08-03,"19","Iowa",19
"677",2024-08-10,"19","Iowa",35
"678",2024-08-17,"19","Iowa",33
"679",2024-08-24,"19","Iowa",69
"680",2024-08-31,"19","Iowa",61
"681",2024-09-07,"19","Iowa",23
"682",2024-09-14,"19","Iowa",41
"683",2024-09-21,"19","Iowa",89
"684",2024-09-28,"19","Iowa",63
"685",2024-10-05,"19","Iowa",49
"686",2024-10-12,"19","Iowa",85
"687",2024-10-19,"19","Iowa",69
"688",2024-10-26,"19","Iowa",64
"689",2024-01-06,"20","Kansas",76
"690",2024-01-13,"20","Kansas",2
"691",2024-01-20,"20","Kansas",18
"692",2024-01-27,"20","Kansas",4
"693",2024-02-03,"20","Kansas",87
"694",2024-02-10,"20","Kansas",72
"695",2024-02-17,"20","Kansas",65
"696",2024-02-24,"20","Kansas",75
"697",2024-03-02,"20","Kansas",11
"698",2024-03-09,"20","Kansas",79
"699",2024-03-16,"20","Kansas",79
"700",2024-03-23,"20","Kansas",57
"701",2024-03-30,"20","Kansas",56
"702",2024-04-06,"20","Kansas",15
"703",2024-04-13,"20","Kansas",79
"704",2024-04-20,"20","Kansas",52
"705",2024-04-27,"20","Kansas",61
"706",2024-05-04,"20","Kansas",89
"707",2024-05-11,"20","Kansas",36
"708",2024-05-18,"20","Kansas",3
"709",2024-05-25,"20","Kansas",7
"710",2024-06-01,"20","Kansas",68
"711",2024-06-08,"20","Kansas",53
"712",2024-06-15,"20","Kansas",24
"713",2024-06-22,"20","Kansas",68
"714",2024-06-29,"20","Kansas",67
"715",2024-07-06,"20","Kansas",11
"716",2024-07-13,"20","Kansas",74
"717",2024-07-20,"20","Kansas",93
"718",2024-07-27,"20","Kansas",87
"719",2024-08-03,"20","Kansas",5
"720",2024-08-10,"20","Kansas",88
"721",2024-08-17,"20","Kansas",32
"722",2024-08-24,"20","Kansas",89
"723",2024-08-31,"20","Kansas",11
"724",2024-09-07,"20","Kansas",74
"725",2024-09-14,"20","Kansas",79
"726",2024-09-21,"20","Kansas",60
"727",2024-09-28,"20","Kansas",31
"728",2024-10-05,"20","Kansas",74
"729",2024-10-12,"20","Kansas",45
"730",2024-10-19,"20","Kansas",59
"731",2024-10-26,"20","Kansas",24
"732",2024-01-06,"21","Kentucky",35
"733",2024-01-13,"21","Kentucky",10
"734",2024-01-20,"21","Kentucky",64
"735",2024-01-27,"21","Kentucky",72
"736",2024-02-03,"21","Kentucky",44
"737",2024-02-10,"21","Kentucky",42
"738",2024-02-17,"21","Kentucky",32
"739",2024-02-24,"21","Kentucky",39
"740",2024-03-02,"21","Kentucky",7
"741",2024-03-09,"21","Kentucky",38
"742",2024-03-16,"21","Kentucky",17
"743",2024-03-23,"21","Kentucky",84
"744",2024-03-30,"21","Kentucky",33
"745",2024-04-06,"21","Kentucky",74
"746",2024-04-13,"21","Kentucky",74
"747",2024-04-20,"21","Kentucky",2
"748",2024-04-27,"21","Kentucky",79
"749",2024-05-04,"21","Kentucky",87
"750",2024-05-11,"21","Kentucky",99
"751",2024-05-18,"21","Kentucky",66
"752",2024-05-25,"21","Kentucky",70
"753",2024-06-01,"21","Kentucky",59
"754",2024-06-08,"21","Kentucky",47
"755",2024-06-15,"21","Kentucky",9
"756",2024-06-22,"21","Kentucky",23
"757",2024-06-29,"21","Kentucky",25
"758",2024-07-06,"21","Kentucky",15
"759",2024-07-13,"21","Kentucky",86
"760",2024-07-20,"21","Kentucky",72
"761",2024-07-27,"21","Kentucky",93
"762",2024-08-03,"21","Kentucky",21
"763",2024-08-10,"21","Kentucky",48
"764",2024-08-17,"21","Kentucky",73
"765",2024-08-24,"21","Kentucky",98
"766",2024-08-31,"21","Kentucky",43
"767",2024-09-07,"21","Kentucky",56
"768",2024-09-14,"21","Kentucky",75
"769",2024-09-21,"21","Kentucky",4
"770",2024-09-28,"21","Kentucky",71
"771",2024-10-05,"21","Kentucky",56
"772",2024-10-12,"21","Kentucky",50
"773",2024-10-19,"21","Kentucky",11
"774",2024-10-26,"21","Kentucky",97
"775",2024-01-06,"22","Louisiana",75
"776",2024-01-13,"22","Louisiana",60
"777",2024-01-20,"22","Louisiana",85
"778",2024-01-27,"22","Louisiana",74
"779",2024-02-03,"22","Louisiana",67
"780",2024-02-10,"22","Louisiana",99
"781",2024-02-17,"22","Louisiana",98
"782",2024-02-24,"22","Louisiana",58
"783",2024-03-02,"22","Louisiana",40
"784",2024-03-09,"22","Louisiana",92
"785",2024-03-16,"22","Louisiana",13
"786",2024-03-23,"22","Louisiana",8
"787",2024-03-30,"22","Louisiana",2
"788",2024-04-06,"22","Louisiana",6
"789",2024-04-13,"22","Louisiana",87
"790",2024-04-20,"22","Louisiana",17
"791",2024-04-27,"22","Louisiana",32
"792",2024-05-04,"22","Louisiana",78
"793",2024-05-11,"22","Louisiana",71
"794",2024-05-18,"22","Louisiana",77
"795",2024-05-25,"22","Louisiana",72
"796",2024-06-01,"22","Louisiana",75
"797",2024-06-08,"22","Louisiana",17
"798",2024-06-15,"22","Louisiana",71
"799",2024-06-22,"22","Louisiana",55
"800",2024-06-29,"22","Louisiana",19
"801",2024-07-06,"22","Louisiana",15
"802",2024-07-13,"22","Louisiana",46
"803",2024-07-20,"22","Louisiana",14
"804",2024-07-27,"22","Louisiana",90
"805",2024-08-03,"22","Louisiana",27
"806",2024-08-10,"22","Louisiana",81
"807",2024-08-17,"22","Louisiana",33
"808",2024-08-24,"22","Louisiana",50
"809",2024-08-31,"22","Louisiana",18
"810",2024-09-07,"22","Louisiana",20
"811",2024-09-14,"22","Louisiana",91
"812",2024-09-21,"22","Louisiana",42
"813",2024-09-28,"22","Louisiana",74
"814",2024-10-05,"22","Louisiana",53
"815",2024-10-12,"22","Louisiana",63
"816",2024-10-19,"22","Louisiana",73
"817",2024-10-26,"22","Louisiana",31
"818",2024-01-06,"23","Maine",83
"819",2024-01-13,"23","Maine",55
"820",2024-01-20,"23","Maine",18
"821",2024-01-27,"23","Maine",44
"822",2024-02-03,"23","Maine",92
"823",2024-02-10,"23","Maine",21
"824",2024-02-17,"23","Maine",29
"825",2024-02-24,"23","Maine",36
"826",2024-03-02,"23","Maine",84
"827",2024-03-09,"23","Maine",23
"828",2024-03-16,"23","Maine",42
"829",2024-03-23,"23","Maine",69
"830",2024-03-30,"23","Maine",66
"831",2024-04-06,"23","Maine",82
"832",2024-04-13,"23","Maine",76
"833",2024-04-20,"23","Maine",62
"834",2024-04-27,"23","Maine",64
"835",2024-05-04,"23","Maine",77
"836",2024-05-11,"23","Maine",51
"837",2024-05-18,"23","Maine",18
"838",2024-05-25,"23","Maine",10
"839",2024-06-01,"23","Maine",73
"840",2024-06-08,"23","Maine",99
"841",2024-06-15,"23","Maine",93
"842",2024-06-22,"23","Maine",86
"843",2024-06-29,"23","Maine",83
"844",2024-07-06,"23","Maine",72
"845",2024-07-13,"23","Maine",97
"846",2024-07-20,"23","Maine",2
"847",2024-07-27,"23","Maine",43
"848",2024-08-03,"23","Maine",5
"849",2024-08-10,"23","Maine",85
"850",2024-08-17,"23","Maine",95
"851",2024-08-24,"23","Maine",100
"852",2024-08-31,"23","Maine",27
"853",2024-09-07,"23","Maine",23
"854",2024-09-14,"23","Maine",3
"855",2024-09-21,"23","Maine",15
"856",2024-09-28,"23","Maine",58
"857",2024-10-05,"23","Maine",7
"858",2024-10-12,"23","Maine",34
"859",2024-10-19,"23","Maine",31
"860",2024-10-26,"23","Maine",82
"861",2024-01-06,"24","Maryland",18
"862",2024-01-13,"24","Maryland",99
"863",2024-01-20,"24","Maryland",46
"864",2024-01-27,"24","Maryland",9
"865",2024-02-03,"24","Maryland",79
"866",2024-02-10,"24","Maryland",17
"867",2024-02-17,"24","Maryland",7
"868",2024-02-24,"24","Maryland",94
"869",2024-03-02,"24","Maryland",8
"870",2024-03-09,"24","Maryland",65
"871",2024-03-16,"24","Maryland",9
"872",2024-03-23,"24","Maryland",99
"873",2024-03-30,"24","Maryland",25
"874",2024-04-06,"24","Maryland",2
"875",2024-04-13,"24","Maryland",11
"876",2024-04-20,"24","Maryland",68
"877",2024-04-27,"24","Maryland",40
"878",2024-05-04,"24","Maryland",20
"879",2024-05-11,"24","Maryland",11
"880",2024-05-18,"24","Maryland",18
"881",2024-05-25,"24","Maryland",54
"882",2024-06-01,"24","Maryland",14
"883",2024-06-08,"24","Maryland",67
"884",2024-06-15,"24","Maryland",92
"885",2024-06-22,"24","Maryland",67
"886",2024-06-29,"24","Maryland",92
"887",2024-07-06,"24","Maryland",93
"888",2024-07-13,"24","Maryland",39
"889",2024-07-20,"24","Maryland",23
"890",2024-07-27,"24","Maryland",79
"891",2024-08-03,"24","Maryland",87
"892",2024-08-10,"24","Maryland",88
"893",2024-08-17,"24","Maryland",40
"894",2024-08-24,"24","Maryland",33
"895",2024-08-31,"24","Maryland",37
"896",2024-09-07,"24","Maryland",60
"897",2024-09-14,"24","Maryland",29
"898",2024-09-21,"24","Maryland",70
"899",2024-09-28,"24","Maryland",25
"900",2024-10-05,"24","Maryland",42
"901",2024-10-12,"24","Maryland",26
"902",2024-10-19,"24","Maryland",88
"903",2024-10-26,"24","Maryland",44
"904",2024-01-06,"25","Massachusetts",96
"905",2024-01-13,"25","Massachusetts",8
"906",2024-01-20,"25","Massachusetts",16
"907",2024-01-27,"25","Massachusetts",39
"908",2024-02-03,"25","Massachusetts",96
"909",2024-02-10,"25","Massachusetts",65
"910",2024-02-17,"25","Massachusetts",94
"911",2024-02-24,"25","Massachusetts",58
"912",2024-03-02,"25","Massachusetts",89
"913",2024-03-09,"25","Massachusetts",56
"914",2024-03-16,"25","Massachusetts",43
"915",2024-03-23,"25","Massachusetts",67
"916",2024-03-30,"25","Massachusetts",56
"917",2024-04-06,"25","Massachusetts",22
"918",2024-04-13,"25","Massachusetts",17
"919",2024-04-20,"25","Massachusetts",84
"920",2024-04-27,"25","Massachusetts",99
"921",2024-05-04,"25","Massachusetts",14
"922",2024-05-11,"25","Massachusetts",64
"923",2024-05-18,"25","Massachusetts",24
"924",2024-05-25,"25","Massachusetts",94
"925",2024-06-01,"25","Massachusetts",8
"926",2024-06-08,"25","Massachusetts",20
"927",2024-06-15,"25","Massachusetts",74
"928",2024-06-22,"25","Massachusetts",86
"929",2024-06-29,"25","Massachusetts",50
"930",2024-07-06,"25","Massachusetts",17
"931",2024-07-13,"25","Massachusetts",9
"932",2024-07-20,"25","Massachusetts",35
"933",2024-07-27,"25","Massachusetts",85
"934",2024-08-03,"25","Massachusetts",63
"935",2024-08-10,"25","Massachusetts",57
"936",2024-08-17,"25","Massachusetts",16
"937",2024-08-24,"25","Massachusetts",52
"938",2024-08-31,"25","Massachusetts",90
"939",2024-09-07,"25","Massachusetts",99
"940",2024-09-14,"25","Massachusetts",35
"941",2024-09-21,"25","Massachusetts",54
"942",2024-09-28,"25","Massachusetts",26
"943",2024-10-05,"25","Massachusetts",13
"944",2024-10-12,"25","Massachusetts",36
"945",2024-10-19,"25","Massachusetts",47
"946",2024-10-26,"25","Massachusetts",25
"947",2024-01-06,"26","Michigan",28
"948",2024-01-13,"26","Michigan",29
"949",2024-01-20,"26","Michigan",77
"950",2024-01-27,"26","Michigan",44
"951",2024-02-03,"26","Michigan",54
"952",2024-02-10,"26","Michigan",85
"953",2024-02-17,"26","Michigan",25
"954",2024-02-24,"26","Michigan",29
"955",2024-03-02,"26","Michigan",20
"956",2024-03-09,"26","Michigan",93
"957",2024-03-16,"26","Michigan",13
"958",2024-03-23,"26","Michigan",77
"959",2024-03-30,"26","Michigan",35
"960",2024-04-06,"26","Michigan",55
"961",2024-04-13,"26","Michigan",5
"962",2024-04-20,"26","Michigan",56
"963",2024-04-27,"26","Michigan",77
"964",2024-05-04,"26","Michigan",87
"965",2024-05-11,"26","Michigan",92
"966",2024-05-18,"26","Michigan",44
"967",2024-05-25,"26","Michigan",72
"968",2024-06-01,"26","Michigan",38
"969",2024-06-08,"26","Michigan",24
"970",2024-06-15,"26","Michigan",80
"971",2024-06-22,"26","Michigan",75
"972",2024-06-29,"26","Michigan",87
"973",2024-07-06,"26","Michigan",94
"974",2024-07-13,"26","Michigan",96
"975",2024-07-20,"26","Michigan",91
"976",2024-07-27,"26","Michigan",48
"977",2024-08-03,"26","Michigan",15
"978",2024-08-10,"26","Michigan",65
"979",2024-08-17,"26","Michigan",54
"980",2024-08-24,"26","Michigan",10
"981",2024-08-31,"26","Michigan",86
"982",2024-09-07,"26","Michigan",42
"983",2024-09-14,"26","Michigan",100
"984",2024-09-21,"26","Michigan",41
"985",2024-09-28,"26","Michigan",25
"986",2024-10-05,"26","Michigan",94
"987",2024-10-12,"26","Michigan",52
"988",2024-10-19,"26","Michigan",37
"989",2024-10-26,"26","Michigan",27
"990",2024-01-06,"27","Minnesota",73
"991",2024-01-13,"27","Minnesota",83
"992",2024-01-20,"27","Minnesota",35
"993",2024-01-27,"27","Minnesota",34
"994",2024-02-03,"27","Minnesota",63
"995",2024-02-10,"27","Minnesota",87
"996",2024-02-17,"27","Minnesota",76
"997",2024-02-24,"27","Minnesota",79
"998",2024-03-02,"27","Minnesota",49
"999",2024-03-09,"27","Minnesota",35
"1000",2024-03-16,"27","Minnesota",29
"1001",2024-03-23,"27","Minnesota",71
"1002",2024-03-30,"27","Minnesota",93
"1003",2024-04-06,"27","Minnesota",45
"1004",2024-04-13,"27","Minnesota",34
"1005",2024-04-20,"27","Minnesota",73
"1006",2024-04-27,"27","Minnesota",47
"1007",2024-05-04,"27","Minnesota",1
"1008",2024-05-11,"27","Minnesota",10
"1009",2024-05-18,"27","Minnesota",41
"1010",2024-05-25,"27","Minnesota",41
"1011",2024-06-01,"27","Minnesota",39
"1012",2024-06-08,"27","Minnesota",87
"1013",2024-06-15,"27","Minnesota",6
"1014",2024-06-22,"27","Minnesota",32
"1015",2024-06-29,"27","Minnesota",61
"1016",2024-07-06,"27","Minnesota",80
"1017",2024-07-13,"27","Minnesota",90
"1018",2024-07-20,"27","Minnesota",16
"1019",2024-07-27,"27","Minnesota",2
"1020",2024-08-03,"27","Minnesota",34
"1021",2024-08-10,"27","Minnesota",78
"1022",2024-08-17,"27","Minnesota",30
"1023",2024-08-24,"27","Minnesota",28
"1024",2024-08-31,"27","Minnesota",85
"1025",2024-09-07,"27","Minnesota",87
"1026",2024-09-14,"27","Minnesota",58
"1027",2024-09-21,"27","Minnesota",30
"1028",2024-09-28,"27","Minnesota",89
"1029",2024-10-05,"27","Minnesota",39
"1030",2024-10-12,"27","Minnesota",70
"1031",2024-10-19,"27","Minnesota",68
"1032",2024-10-26,"27","Minnesota",67
"1033",2024-01-06,"28","Mississippi",46
"1034",2024-01-13,"28","Mississippi",59
"1035",2024-01-20,"28","Mississippi",48
"1036",2024-01-27,"28","Mississippi",10
"1037",2024-02-03,"28","Mississippi",28
"1038",2024-02-10,"28","Mississippi",76
"1039",2024-02-17,"28","Mississippi",67
"1040",2024-02-24,"28","Mississippi",1
"1041",2024-03-02,"28","Mississippi",44
"1042",2024-03-09,"28","Mississippi",49
"1043",2024-03-16,"28","Mississippi",33
"1044",2024-03-23,"28","Mississippi",36
"1045",2024-03-30,"28","Mississippi",13
"1046",2024-04-06,"28","Mississippi",79
"1047",2024-04-13,"28","Mississippi",77
"1048",2024-04-20,"28","Mississippi",46
"1049",2024-04-27,"28","Mississippi",94
"1050",2024-05-04,"28","Mississippi",18
"1051",2024-05-11,"28","Mississippi",50
"1052",2024-05-18,"28","Mississippi",26
"1053",2024-05-25,"28","Mississippi",36
"1054",2024-06-01,"28","Mississippi",36
"1055",2024-06-08,"28","Mississippi",56
"1056",2024-06-15,"28","Mississippi",57
"1057",2024-06-22,"28","Mississippi",3
"1058",2024-06-29,"28","Mississippi",89
"1059",2024-07-06,"28","Mississippi",11
"1060",2024-07-13,"28","Mississippi",51
"1061",2024-07-20,"28","Mississippi",30
"1062",2024-07-27,"28","Mississippi",16
"1063",2024-08-03,"28","Mississippi",11
"1064",2024-08-10,"28","Mississippi",96
"1065",2024-08-17,"28","Mississippi",95
"1066",2024-08-24,"28","Mississippi",66
"1067",2024-08-31,"28","Mississippi",22
"1068",2024-09-07,"28","Mississippi",17
"1069",2024-09-14,"28","Mississippi",5
"1070",2024-09-21,"28","Mississippi",79
"1071",2024-09-28,"28","Mississippi",96
"1072",2024-10-05,"28","Mississippi",62
"1073",2024-10-12,"28","Mississippi",35
"1074",2024-10-19,"28","Mississippi",91
"1075",2024-10-26,"28","Mississippi",22
"1076",2024-01-06,"29","Missouri",63
"1077",2024-01-13,"29","Missouri",89
"1078",2024-01-20,"29","Missouri",15
"1079",2024-01-27,"29","Missouri",35
"1080",2024-02-03,"29","Missouri",30
"1081",2024-02-10,"29","Missouri",34
"1082",2024-02-17,"29","Missouri",69
"1083",2024-02-24,"29","Missouri",69
"1084",2024-03-02,"29","Missouri",71
"1085",2024-03-09,"29","Missouri",2
"1086",2024-03-16,"29","Missouri",80
"1087",2024-03-23,"29","Missouri",23
"1088",2024-03-30,"29","Missouri",87
"1089",2024-04-06,"29","Missouri",88
"1090",2024-04-13,"29","Missouri",21
"1091",2024-04-20,"29","Missouri",82
"1092",2024-04-27,"29","Missouri",19
"1093",2024-05-04,"29","Missouri",9
"1094",2024-05-11,"29","Missouri",83
"1095",2024-05-18,"29","Missouri",62
"1096",2024-05-25,"29","Missouri",83
"1097",2024-06-01,"29","Missouri",69
"1098",2024-06-08,"29","Missouri",45
"1099",2024-06-15,"29","Missouri",80
"1100",2024-06-22,"29","Missouri",32
"1101",2024-06-29,"29","Missouri",48
"1102",2024-07-06,"29","Missouri",15
"1103",2024-07-13,"29","Missouri",26
"1104",2024-07-20,"29","Missouri",20
"1105",2024-07-27,"29","Missouri",35
"1106",2024-08-03,"29","Missouri",55
"1107",2024-08-10,"29","Missouri",31
"1108",2024-08-17,"29","Missouri",24
"1109",2024-08-24,"29","Missouri",17
"1110",2024-08-31,"29","Missouri",71
"1111",2024-09-07,"29","Missouri",57
"1112",2024-09-14,"29","Missouri",77
"1113",2024-09-21,"29","Missouri",35
"1114",2024-09-28,"29","Missouri",58
"1115",2024-10-05,"29","Missouri",54
"1116",2024-10-12,"29","Missouri",13
"1117",2024-10-19,"29","Missouri",78
"1118",2024-10-26,"29","Missouri",68
"1119",2024-01-06,"30","Montana",25
"1120",2024-01-13,"30","Montana",29
"1121",2024-01-20,"30","Montana",53
"1122",2024-01-27,"30","Montana",16
"1123",2024-02-03,"30","Montana",41
"1124",2024-02-10,"30","Montana",9
"1125",2024-02-17,"30","Montana",37
"1126",2024-02-24,"30","Montana",54
"1127",2024-03-02,"30","Montana",86
"1128",2024-03-09,"30","Montana",86
"1129",2024-03-16,"30","Montana",24
"1130",2024-03-23,"30","Montana",14
"1131",2024-03-30,"30","Montana",30
"1132",2024-04-06,"30","Montana",62
"1133",2024-04-13,"30","Montana",40
"1134",2024-04-20,"30","Montana",95
"1135",2024-04-27,"30","Montana",39
"1136",2024-05-04,"30","Montana",72
"1137",2024-05-11,"30","Montana",14
"1138",2024-05-18,"30","Montana",48
"1139",2024-05-25,"30","Montana",65
"1140",2024-06-01,"30","Montana",23
"1141",2024-06-08,"30","Montana",26
"1142",2024-06-15,"30","Montana",46
"1143",2024-06-22,"30","Montana",23
"1144",2024-06-29,"30","Montana",95
"1145",2024-07-06,"30","Montana",63
"1146",2024-07-13,"30","Montana",21
"1147",2024-07-20,"30","Montana",81
"1148",2024-07-27,"30","Montana",39
"1149",2024-08-03,"30","Montana",71
"1150",2024-08-10,"30","Montana",45
"1151",2024-08-17,"30","Montana",47
"1152",2024-08-24,"30","Montana",76
"1153",2024-08-31,"30","Montana",96
"1154",2024-09-07,"30","Montana",46
"1155",2024-09-14,"30","Montana",83
"1156",2024-09-21,"30","Montana",60
"1157",2024-09-28,"30","Montana",83
"1158",2024-10-05,"30","Montana",89
"1159",2024-10-12,"30","Montana",17
"1160",2024-10-19,"30","Montana",9
"1161",2024-10-26,"30","Montana",23
"1162",2024-01-06,"31","Nebraska",31
"1163",2024-01-13,"31","Nebraska",38
"1164",2024-01-20,"31","Nebraska",33
"1165",2024-01-27,"31","Nebraska",80
"1166",2024-02-03,"31","Nebraska",60
"1167",2024-02-10,"31","Nebraska",72
"1168",2024-02-17,"31","Nebraska",5
"1169",2024-02-24,"31","Nebraska",63
"1170",2024-03-02,"31","Nebraska",74
"1171",2024-03-09,"31","Nebraska",41
"1172",2024-03-16,"31","Nebraska",92
"1173",2024-03-23,"31","Nebraska",37
"1174",2024-03-30,"31","Nebraska",46
"1175",2024-04-06,"31","Nebraska",83
"1176",2024-04-13,"31","Nebraska",97
"1177",2024-04-20,"31","Nebraska",16
"1178",2024-04-27,"31","Nebraska",6
"1179",2024-05-04,"31","Nebraska",52
"1180",2024-05-11,"31","Nebraska",72
"1181",2024-05-18,"31","Nebraska",89
"1182",2024-05-25,"31","Nebraska",78
"1183",2024-06-01,"31","Nebraska",95
"1184",2024-06-08,"31","Nebraska",46
"1185",2024-06-15,"31","Nebraska",89
"1186",2024-06-22,"31","Nebraska",8
"1187",2024-06-29,"31","Nebraska",43
"1188",2024-07-06,"31","Nebraska",24
"1189",2024-07-13,"31","Nebraska",5
"1190",2024-07-20,"31","Nebraska",14
"1191",2024-07-27,"31","Nebraska",97
"1192",2024-08-03,"31","Nebraska",65
"1193",2024-08-10,"31","Nebraska",99
"1194",2024-08-17,"31","Nebraska",4
"1195",2024-08-24,"31","Nebraska",35
"1196",2024-08-31,"31","Nebraska",82
"1197",2024-09-07,"31","Nebraska",10
"1198",2024-09-14,"31","Nebraska",12
"1199",2024-09-21,"31","Nebraska",48
"1200",2024-09-28,"31","Nebraska",3
"1201",2024-10-05,"31","Nebraska",26
"1202",2024-10-12,"31","Nebraska",76
"1203",2024-10-19,"31","Nebraska",60
"1204",2024-10-26,"31","Nebraska",45
"1205",2024-01-06,"32","Nevada",8
"1206",2024-01-13,"32","Nevada",17
"1207",2024-01-20,"32","Nevada",5
"1208",2024-01-27,"32","Nevada",83
"1209",2024-02-03,"32","Nevada",32
"1210",2024-02-10,"32","Nevada",2
"1211",2024-02-17,"32","Nevada",17
"1212",2024-02-24,"32","Nevada",49
"1213",2024-03-02,"32","Nevada",72
"1214",2024-03-09,"32","Nevada",51
"1215",2024-03-16,"32","Nevada",18
"1216",2024-03-23,"32","Nevada",26
"1217",2024-03-30,"32","Nevada",30
"1218",2024-04-06,"32","Nevada",83
"1219",2024-04-13,"32","Nevada",69
"1220",2024-04-20,"32","Nevada",93
"1221",2024-04-27,"32","Nevada",93
"1222",2024-05-04,"32","Nevada",46
"1223",2024-05-11,"32","Nevada",12
"1224",2024-05-18,"32","Nevada",56
"1225",2024-05-25,"32","Nevada",1
"1226",2024-06-01,"32","Nevada",48
"1227",2024-06-08,"32","Nevada",94
"1228",2024-06-15,"32","Nevada",52
"1229",2024-06-22,"32","Nevada",7
"1230",2024-06-29,"32","Nevada",69
"1231",2024-07-06,"32","Nevada",10
"1232",2024-07-13,"32","Nevada",36
"1233",2024-07-20,"32","Nevada",8
"1234",2024-07-27,"32","Nevada",49
"1235",2024-08-03,"32","Nevada",95
"1236",2024-08-10,"32","Nevada",69
"1237",2024-08-17,"32","Nevada",39
"1238",2024-08-24,"32","Nevada",22
"1239",2024-08-31,"32","Nevada",76
"1240",2024-09-07,"32","Nevada",10
"1241",2024-09-14,"32","Nevada",62
"1242",2024-09-21,"32","Nevada",93
"1243",2024-09-28,"32","Nevada",94
"1244",2024-10-05,"32","Nevada",65
"1245",2024-10-12,"32","Nevada",47
"1246",2024-10-19,"32","Nevada",14
"1247",2024-10-26,"32","Nevada",71
"1248",2024-01-06,"33","New Hampshire",63
"1249",2024-01-13,"33","New Hampshire",34
"1250",2024-01-20,"33","New Hampshire",74
"1251",2024-01-27,"33","New Hampshire",79
"1252",2024-02-03,"33","New Hampshire",19
"1253",2024-02-10,"33","New Hampshire",82
"1254",2024-02-17,"33","New Hampshire",22
"1255",2024-02-24,"33","New Hampshire",18
"1256",2024-03-02,"33","New Hampshire",51
"1257",2024-03-09,"33","New Hampshire",67
"1258",2024-03-16,"33","New Hampshire",52
"1259",2024-03-23,"33","New Hampshire",63
"1260",2024-03-30,"33","New Hampshire",37
"1261",2024-04-06,"33","New Hampshire",18
"1262",2024-04-13,"33","New Hampshire",41
"1263",2024-04-20,"33","New Hampshire",65
"1264",2024-04-27,"33","New Hampshire",39
"1265",2024-05-04,"33","New Hampshire",15
"1266",2024-05-11,"33","New Hampshire",49
"1267",2024-05-18,"33","New Hampshire",70
"1268",2024-05-25,"33","New Hampshire",97
"1269",2024-06-01,"33","New Hampshire",40
"1270",2024-06-08,"33","New Hampshire",74
"1271",2024-06-15,"33","New Hampshire",60
"1272",2024-06-22,"33","New Hampshire",34
"1273",2024-06-29,"33","New Hampshire",90
"1274",2024-07-06,"33","New Hampshire",18
"1275",2024-07-13,"33","New Hampshire",69
"1276",2024-07-20,"33","New Hampshire",60
"1277",2024-07-27,"33","New Hampshire",35
"1278",2024-08-03,"33","New Hampshire",70
"1279",2024-08-10,"33","New Hampshire",93
"1280",2024-08-17,"33","New Hampshire",54
"1281",2024-08-24,"33","New Hampshire",43
"1282",2024-08-31,"33","New Hampshire",73
"1283",2024-09-07,"33","New Hampshire",22
"1284",2024-09-14,"33","New Hampshire",20
"1285",2024-09-21,"33","New Hampshire",47
"1286",2024-09-28,"33","New Hampshire",94
"1287",2024-10-05,"33","New Hampshire",41
"1288",2024-10-12,"33","New Hampshire",14
"1289",2024-10-19,"33","New Hampshire",29
"1290",2024-10-26,"33","New Hampshire",11
"1291",2024-01-06,"34","New Jersey",60
"1292",2024-01-13,"34","New Jersey",20
"1293",2024-01-20,"34","New Jersey",81
"1294",2024-01-27,"34","New Jersey",88
"1295",2024-02-03,"34","New Jersey",51
"1296",2024-02-10,"34","New Jersey",89
"1297",2024-02-17,"34","New Jersey",13
"1298",2024-02-24,"34","New Jersey",76
"1299",2024-03-02,"34","New Jersey",6
"1300",2024-03-09,"34","New Jersey",67
"1301",2024-03-16,"34","New Jersey",92
"1302",2024-03-23,"34","New Jersey",44
"1303",2024-03-30,"34","New Jersey",11
"1304",2024-04-06,"34","New Jersey",19
"1305",2024-04-13,"34","New Jersey",11
"1306",2024-04-20,"34","New Jersey",63
"1307",2024-04-27,"34","New Jersey",100
"1308",2024-05-04,"34","New Jersey",22
"1309",2024-05-11,"34","New Jersey",11
"1310",2024-05-18,"34","New Jersey",27
"1311",2024-05-25,"34","New Jersey",2
"1312",2024-06-01,"34","New Jersey",6
"1313",2024-06-08,"34","New Jersey",100
"1314",2024-06-15,"34","New Jersey",55
"1315",2024-06-22,"34","New Jersey",48
"1316",2024-06-29,"34","New Jersey",28
"1317",2024-07-06,"34","New Jersey",29
"1318",2024-07-13,"34","New Jersey",68
"1319",2024-07-20,"34","New Jersey",41
"1320",2024-07-27,"34","New Jersey",5
"1321",2024-08-03,"34","New Jersey",95
"1322",2024-08-10,"34","New Jersey",9
"1323",2024-08-17,"34","New Jersey",83
"1324",2024-08-24,"34","New Jersey",28
"1325",2024-08-31,"34","New Jersey",15
"1326",2024-09-07,"34","New Jersey",60
"1327",2024-09-14,"34","New Jersey",75
"1328",2024-09-21,"34","New Jersey",93
"1329",2024-09-28,"34","New Jersey",17
"1330",2024-10-05,"34","New Jersey",61
"1331",2024-10-12,"34","New Jersey",41
"1332",2024-10-19,"34","New Jersey",25
"1333",2024-10-26,"34","New Jersey",76
"1334",2024-01-06,"35","New Mexico",19
"1335",2024-01-13,"35","New Mexico",52
"1336",2024-01-20,"35","New Mexico",71
"1337",2024-01-27,"35","New Mexico",11
"1338",2024-02-03,"35","New Mexico",15
"1339",2024-02-10,"35","New Mexico",73
"1340",2024-02-17,"35","New Mexico",88
"1341",2024-02-24,"35","New Mexico",83
"1342",2024-03-02,"35","New Mexico",11
"1343",2024-03-09,"35","New Mexico",33
"1344",2024-03-16,"35","New Mexico",73
"1345",2024-03-23,"35","New Mexico",23
"1346",2024-03-30,"35","New Mexico",17
"1347",2024-04-06,"35","New Mexico",10
"1348",2024-04-13,"35","New Mexico",72
"1349",2024-04-20,"35","New Mexico",18
"1350",2024-04-27,"35","New Mexico",24
"1351",2024-05-04,"35","New Mexico",89
"1352",2024-05-11,"35","New Mexico",50
"1353",2024-05-18,"35","New Mexico",71
"1354",2024-05-25,"35","New Mexico",12
"1355",2024-06-01,"35","New Mexico",80
"1356",2024-06-08,"35","New Mexico",3
"1357",2024-06-15,"35","New Mexico",31
"1358",2024-06-22,"35","New Mexico",99
"1359",2024-06-29,"35","New Mexico",21
"1360",2024-07-06,"35","New Mexico",62
"1361",2024-07-13,"35","New Mexico",34
"1362",2024-07-20,"35","New Mexico",28
"1363",2024-07-27,"35","New Mexico",36
"1364",2024-08-03,"35","New Mexico",26
"1365",2024-08-10,"35","New Mexico",1
"1366",2024-08-17,"35","New Mexico",90
"1367",2024-08-24,"35","New Mexico",21
"1368",2024-08-31,"35","New Mexico",42
"1369",2024-09-07,"35","New Mexico",85
"1370",2024-09-14,"35","New Mexico",35
"1371",2024-09-21,"35","New Mexico",94
"1372",2024-09-28,"35","New Mexico",12
"1373",2024-10-05,"35","New Mexico",97
"1374",2024-10-12,"35","New Mexico",13
"1375",2024-10-19,"35","New Mexico",50
"1376",2024-10-26,"35","New Mexico",64
"1377",2024-01-06,"36","New York",33
"1378",2024-01-13,"36","New York",24
"1379",2024-01-20,"36","New York",9
"1380",2024-01-27,"36","New York",31
"1381",2024-02-03,"36","New York",96
"1382",2024-02-10,"36","New York",66
"1383",2024-02-17,"36","New York",31
"1384",2024-02-24,"36","New York",60
"1385",2024-03-02,"36","New York",91
"1386",2024-03-09,"36","New York",99
"1387",2024-03-16,"36","New York",97
"1388",2024-03-23,"36","New York",23
"1389",2024-03-30,"36","New York",37
"1390",2024-04-06,"36","New York",74
"1391",2024-04-13,"36","New York",43
"1392",2024-04-20,"36","New York",19
"1393",2024-04-27,"36","New York",16
"1394",2024-05-04,"36","New York",39
"1395",2024-05-11,"36","New York",96
"1396",2024-05-18,"36","New York",50
"1397",2024-05-25,"36","New York",19
"1398",2024-06-01,"36","New York",4
"1399",2024-06-08,"36","New York",51
"1400",2024-06-15,"36","New York",35
"1401",2024-06-22,"36","New York",34
"1402",2024-06-29,"36","New York",29
"1403",2024-07-06,"36","New York",77
"1404",2024-07-13,"36","New York",100
"1405",2024-07-20,"36","New York",84
"1406",2024-07-27,"36","New York",54
"1407",2024-08-03,"36","New York",67
"1408",2024-08-10,"36","New York",89
"1409",2024-08-17,"36","New York",85
"1410",2024-08-24,"36","New York",53
"1411",2024-08-31,"36","New York",40
"1412",2024-09-07,"36","New York",5
"1413",2024-09-14,"36","New York",5
"1414",2024-09-21,"36","New York",83
"1415",2024-09-28,"36","New York",94
"1416",2024-10-05,"36","New York",71
"1417",2024-10-12,"36","New York",17
"1418",2024-10-19,"36","New York",93
"1419",2024-10-26,"36","New York",98
"1420",2024-01-06,"37","North Carolina",17
"1421",2024-01-13,"37","North Carolina",61
"1422",2024-01-20,"37","North Carolina",11
"1423",2024-01-27,"37","North Carolina",14
"1424",2024-02-03,"37","North Carolina",33
"1425",2024-02-10,"37","North Carolina",34
"1426",2024-02-17,"37","North Carolina",64
"1427",2024-02-24,"37","North Carolina",10
"1428",2024-03-02,"37","North Carolina",98
"1429",2024-03-09,"37","North Carolina",38
"1430",2024-03-16,"37","North Carolina",77
"1431",2024-03-23,"37","North Carolina",12
"1432",2024-03-30,"37","North Carolina",35
"1433",2024-04-06,"37","North Carolina",59
"1434",2024-04-13,"37","North Carolina",33
"1435",2024-04-20,"37","North Carolina",43
"1436",2024-04-27,"37","North Carolina",11
"1437",2024-05-04,"37","North Carolina",72
"1438",2024-05-11,"37","North Carolina",81
"1439",2024-05-18,"37","North Carolina",4
"1440",2024-05-25,"37","North Carolina",76
"1441",2024-06-01,"37","North Carolina",47
"1442",2024-06-08,"37","North Carolina",56
"1443",2024-06-15,"37","North Carolina",14
"1444",2024-06-22,"37","North Carolina",51
"1445",2024-06-29,"37","North Carolina",27
"1446",2024-07-06,"37","North Carolina",75
"1447",2024-07-13,"37","North Carolina",49
"1448",2024-07-20,"37","North Carolina",29
"1449",2024-07-27,"37","North Carolina",38
"1450",2024-08-03,"37","North Carolina",19
"1451",2024-08-10,"37","North Carolina",21
"1452",2024-08-17,"37","North Carolina",49
"1453",2024-08-24,"37","North Carolina",6
"1454",2024-08-31,"37","North Carolina",69
"1455",2024-09-07,"37","North Carolina",88
"1456",2024-09-14,"37","North Carolina",16
"1457",2024-09-21,"37","North Carolina",73
"1458",2024-09-28,"37","North Carolina",78
"1459",2024-10-05,"37","North Carolina",62
"1460",2024-10-12,"37","North Carolina",69
"1461",2024-10-19,"37","North Carolina",30
"1462",2024-10-26,"37","North Carolina",62
"1463",2024-01-06,"38","North Dakota",45
"1464",2024-01-13,"38","North Dakota",68
"1465",2024-01-20,"38","North Dakota",68
"1466",2024-01-27,"38","North Dakota",96
"1467",2024-02-03,"38","North Dakota",92
"1468",2024-02-10,"38","North Dakota",85
"1469",2024-02-17,"38","North Dakota",52
"1470",2024-02-24,"38","North Dakota",70
"1471",2024-03-02,"38","North Dakota",42
"1472",2024-03-09,"38","North Dakota",20
"1473",2024-03-16,"38","North Dakota",81
"1474",2024-03-23,"38","North Dakota",75
"1475",2024-03-30,"38","North Dakota",40
"1476",2024-04-06,"38","North Dakota",21
"1477",2024-04-13,"38","North Dakota",96
"1478",2024-04-20,"38","North Dakota",58
"1479",2024-04-27,"38","North Dakota",83
"1480",2024-05-04,"38","North Dakota",43
"1481",2024-05-11,"38","North Dakota",1
"1482",2024-05-18,"38","North Dakota",34
"1483",2024-05-25,"38","North Dakota",76
"1484",2024-06-01,"38","North Dakota",14
"1485",2024-06-08,"38","North Dakota",67
"1486",2024-06-15,"38","North Dakota",48
"1487",2024-06-22,"38","North Dakota",20
"1488",2024-06-29,"38","North Dakota",90
"1489",2024-07-06,"38","North Dakota",4
"1490",2024-07-13,"38","North Dakota",4
"1491",2024-07-20,"38","North Dakota",90
"1492",2024-07-27,"38","North Dakota",65
"1493",2024-08-03,"38","North Dakota",89
"1494",2024-08-10,"38","North Dakota",81
"1495",2024-08-17,"38","North Dakota",85
"1496",2024-08-24,"38","North Dakota",36
"1497",2024-08-31,"38","North Dakota",17
"1498",2024-09-07,"38","North Dakota",39
"1499",2024-09-14,"38","North Dakota",59
"1500",2024-09-21,"38","North Dakota",69
"1501",2024-09-28,"38","North Dakota",93
"1502",2024-10-05,"38","North Dakota",9
"1503",2024-10-12,"38","North Dakota",31
"1504",2024-10-19,"38","North Dakota",70
"1505",2024-10-26,"38","North Dakota",41
"1506",2024-01-06,"39","Ohio",31
"1507",2024-01-13,"39","Ohio",35
"1508",2024-01-20,"39","Ohio",73
"1509",2024-01-27,"39","Ohio",49
"1510",2024-02-03,"39","Ohio",99
"1511",2024-02-10,"39","Ohio",38
"1512",2024-02-17,"39","Ohio",82
"1513",2024-02-24,"39","Ohio",17
"1514",2024-03-02,"39","Ohio",77
"1515",2024-03-09,"39","Ohio",47
"1516",2024-03-16,"39","Ohio",93
"1517",2024-03-23,"39","Ohio",53
"1518",2024-03-30,"39","Ohio",16
"1519",2024-04-06,"39","Ohio",97
"1520",2024-04-13,"39","Ohio",15
"1521",2024-04-20,"39","Ohio",91
"1522",2024-04-27,"39","Ohio",22
"1523",2024-05-04,"39","Ohio",8
"1524",2024-05-11,"39","Ohio",65
"1525",2024-05-18,"39","Ohio",70
"1526",2024-05-25,"39","Ohio",86
"1527",2024-06-01,"39","Ohio",70
"1528",2024-06-08,"39","Ohio",5
"1529",2024-06-15,"39","Ohio",90
"1530",2024-06-22,"39","Ohio",9
"1531",2024-06-29,"39","Ohio",31
"1532",2024-07-06,"39","Ohio",67
"1533",2024-07-13,"39","Ohio",41
"1534",2024-07-20,"39","Ohio",32
"1535",2024-07-27,"39","Ohio",53
"1536",2024-08-03,"39","Ohio",23
"1537",2024-08-10,"39","Ohio",82
"1538",2024-08-17,"39","Ohio",86
"1539",2024-08-24,"39","Ohio",58
"1540",2024-08-31,"39","Ohio",23
"1541",2024-09-07,"39","Ohio",25
"1542",2024-09-14,"39","Ohio",38
"1543",2024-09-21,"39","Ohio",30
"1544",2024-09-28,"39","Ohio",38
"1545",2024-10-05,"39","Ohio",4
"1546",2024-10-12,"39","Ohio",81
"1547",2024-10-19,"39","Ohio",70
"1548",2024-10-26,"39","Ohio",26
"1549",2024-01-06,"40","Oklahoma",39
"1550",2024-01-13,"40","Oklahoma",96
"1551",2024-01-20,"40","Oklahoma",27
"1552",2024-01-27,"40","Oklahoma",62
"1553",2024-02-03,"40","Oklahoma",75
"1554",2024-02-10,"40","Oklahoma",21
"1555",2024-02-17,"40","Oklahoma",97
"1556",2024-02-24,"40","Oklahoma",72
"1557",2024-03-02,"40","Oklahoma",17
"1558",2024-03-09,"40","Oklahoma",94
"1559",2024-03-16,"40","Oklahoma",78
"1560",2024-03-23,"40","Oklahoma",24
"1561",2024-03-30,"40","Oklahoma",7
"1562",2024-04-06,"40","Oklahoma",67
"1563",2024-04-13,"40","Oklahoma",33
"1564",2024-04-20,"40","Oklahoma",88
"1565",2024-04-27,"40","Oklahoma",79
"1566",2024-05-04,"40","Oklahoma",91
"1567",2024-05-11,"40","Oklahoma",24
"1568",2024-05-18,"40","Oklahoma",87
"1569",2024-05-25,"40","Oklahoma",46
"1570",2024-06-01,"40","Oklahoma",27
"1571",2024-06-08,"40","Oklahoma",12
"1572",2024-06-15,"40","Oklahoma",49
"1573",2024-06-22,"40","Oklahoma",8
"1574",2024-06-29,"40","Oklahoma",97
"1575",2024-07-06,"40","Oklahoma",86
"1576",2024-07-13,"40","Oklahoma",98
"1577",2024-07-20,"40","Oklahoma",5
"1578",2024-07-27,"40","Oklahoma",77
"1579",2024-08-03,"40","Oklahoma",83
"1580",2024-08-10,"40","Oklahoma",95
"1581",2024-08-17,"40","Oklahoma",26
"1582",2024-08-24,"40","Oklahoma",20
"1583",2024-08-31,"40","Oklahoma",29
"1584",2024-09-07,"40","Oklahoma",56
"1585",2024-09-14,"40","Oklahoma",9
"1586",2024-09-21,"40","Oklahoma",80
"1587",2024-09-28,"40","Oklahoma",85
"1588",2024-10-05,"40","Oklahoma",97
"1589",2024-10-12,"40","Oklahoma",49
"1590",2024-10-19,"40","Oklahoma",50
"1591",2024-10-26,"40","Oklahoma",42
"1592",2024-01-06,"41","Oregon",73
"1593",2024-01-13,"41","Oregon",11
"1594",2024-01-20,"41","Oregon",65
"1595",2024-01-27,"41","Oregon",98
"1596",2024-02-03,"41","Oregon",75
"1597",2024-02-10,"41","Oregon",89
"1598",2024-02-17,"41","Oregon",62
"1599",2024-02-24,"41","Oregon",78
"1600",2024-03-02,"41","Oregon",95
"1601",2024-03-09,"41","Oregon",14
"1602",2024-03-16,"41","Oregon",84
"1603",2024-03-23,"41","Oregon",88
"1604",2024-03-30,"41","Oregon",37
"1605",2024-04-06,"41","Oregon",93
"1606",2024-04-13,"41","Oregon",10
"1607",2024-04-20,"41","Oregon",49
"1608",2024-04-27,"41","Oregon",52
"1609",2024-05-04,"41","Oregon",71
"1610",2024-05-11,"41","Oregon",22
"1611",2024-05-18,"41","Oregon",44
"1612",2024-05-25,"41","Oregon",96
"1613",2024-06-01,"41","Oregon",11
"1614",2024-06-08,"41","Oregon",18
"1615",2024-06-15,"41","Oregon",12
"1616",2024-06-22,"41","Oregon",71
"1617",2024-06-29,"41","Oregon",3
"1618",2024-07-06,"41","Oregon",59
"1619",2024-07-13,"41","Oregon",46
"1620",2024-07-20,"41","Oregon",82
"1621",2024-07-27,"41","Oregon",63
"1622",2024-08-03,"41","Oregon",49
"1623",2024-08-10,"41","Oregon",70
"1624",2024-08-17,"41","Oregon",30
"1625",2024-08-24,"41","Oregon",70
"1626",2024-08-31,"41","Oregon",36
"1627",2024-09-07,"41","Oregon",53
"1628",2024-09-14,"41","Oregon",29
"1629",2024-09-21,"41","Oregon",37
"1630",2024-09-28,"41","Oregon",61
"1631",2024-10-05,"41","Oregon",42
"1632",2024-10-12,"41","Oregon",54
"1633",2024-10-19,"41","Oregon",42
"1634",2024-10-26,"41","Oregon",55
"1635",2024-01-06,"42","Pennsylvania",62
"1636",2024-01-13,"42","Pennsylvania",46
"1637",2024-01-20,"42","Pennsylvania",29
"1638",2024-01-27,"42","Pennsylvania",51
"1639",2024-02-03,"42","Pennsylvania",32
"1640",2024-02-10,"42","Pennsylvania",1
"1641",2024-02-17,"42","Pennsylvania",34
"1642",2024-02-24,"42","Pennsylvania",79
"1643",2024-03-02,"42","Pennsylvania",10
"1644",2024-03-09,"42","Pennsylvania",69
"1645",2024-03-16,"42","Pennsylvania",5
"1646",2024-03-23,"42","Pennsylvania",55
"1647",2024-03-30,"42","Pennsylvania",81
"1648",2024-04-06,"42","Pennsylvania",2
"1649",2024-04-13,"42","Pennsylvania",27
"1650",2024-04-20,"42","Pennsylvania",62
"1651",2024-04-27,"42","Pennsylvania",11
"1652",2024-05-04,"42","Pennsylvania",64
"1653",2024-05-11,"42","Pennsylvania",81
"1654",2024-05-18,"42","Pennsylvania",63
"1655",2024-05-25,"42","Pennsylvania",99
"1656",2024-06-01,"42","Pennsylvania",42
"1657",2024-06-08,"42","Pennsylvania",13
"1658",2024-06-15,"42","Pennsylvania",64
"1659",2024-06-22,"42","Pennsylvania",57
"1660",2024-06-29,"42","Pennsylvania",94
"1661",2024-07-06,"42","Pennsylvania",31
"1662",2024-07-13,"42","Pennsylvania",51
"1663",2024-07-20,"42","Pennsylvania",98
"1664",2024-07-27,"42","Pennsylvania",17
"1665",2024-08-03,"42","Pennsylvania",73
"1666",2024-08-10,"42","Pennsylvania",50
"1667",2024-08-17,"42","Pennsylvania",73
"1668",2024-08-24,"42","Pennsylvania",62
"1669",2024-08-31,"42","Pennsylvania",59
"1670",2024-09-07,"42","Pennsylvania",58
"1671",2024-09-14,"42","Pennsylvania",86
"1672",2024-09-21,"42","Pennsylvania",47
"1673",2024-09-28,"42","Pennsylvania",32
"1674",2024-10-05,"42","Pennsylvania",66
"1675",2024-10-12,"42","Pennsylvania",1
"1676",2024-10-19,"42","Pennsylvania",18
"1677",2024-10-26,"42","Pennsylvania",71
"1678",2024-01-06,"44","Rhode Island",91
"1679",2024-01-13,"44","Rhode Island",71
"1680",2024-01-20,"44","Rhode Island",36
"1681",2024-01-27,"44","Rhode Island",69
"1682",2024-02-03,"44","Rhode Island",75
"1683",2024-02-10,"44","Rhode Island",27
"1684",2024-02-17,"44","Rhode Island",95
"1685",2024-02-24,"44","Rhode Island",42
"1686",2024-03-02,"44","Rhode Island",75
"1687",2024-03-09,"44","Rhode Island",28
"1688",2024-03-16,"44","Rhode Island",33
"1689",2024-03-23,"44","Rhode Island",32
"1690",2024-03-30,"44","Rhode Island",87
"1691",2024-04-06,"44","Rhode Island",85
"1692",2024-04-13,"44","Rhode Island",44
"1693",2024-04-20,"44","Rhode Island",62
"1694",2024-04-27,"44","Rhode Island",37
"1695",2024-05-04,"44","Rhode Island",96
"1696",2024-05-11,"44","Rhode Island",40
"1697",2024-05-18,"44","Rhode Island",79
"1698",2024-05-25,"44","Rhode Island",96
"1699",2024-06-01,"44","Rhode Island",71
"1700",2024-06-08,"44","Rhode Island",14
"1701",2024-06-15,"44","Rhode Island",56
"1702",2024-06-22,"44","Rhode Island",48
"1703",2024-06-29,"44","Rhode Island",89
"1704",2024-07-06,"44","Rhode Island",3
"1705",2024-07-13,"44","Rhode Island",23
"1706",2024-07-20,"44","Rhode Island",75
"1707",2024-07-27,"44","Rhode Island",61
"1708",2024-08-03,"44","Rhode Island",95
"1709",2024-08-10,"44","Rhode Island",62
"1710",2024-08-17,"44","Rhode Island",67
"1711",2024-08-24,"44","Rhode Island",8
"1712",2024-08-31,"44","Rhode Island",60
"1713",2024-09-07,"44","Rhode Island",91
"1714",2024-09-14,"44","Rhode Island",91
"1715",2024-09-21,"44","Rhode Island",49
"1716",2024-09-28,"44","Rhode Island",89
"1717",2024-10-05,"44","Rhode Island",28
"1718",2024-10-12,"44","Rhode Island",28
"1719",2024-10-19,"44","Rhode Island",77
"1720",2024-10-26,"44","Rhode Island",79
"1721",2024-01-06,"45","South Carolina",44
"1722",2024-01-13,"45","South Carolina",51
"1723",2024-01-20,"45","South Carolina",51
"1724",2024-01-27,"45","South Carolina",31
"1725",2024-02-03,"45","South Carolina",77
"1726",2024-02-10,"45","South Carolina",41
"1727",2024-02-17,"45","South Carolina",75
"1728",2024-02-24,"45","South Carolina",57
"1729",2024-03-02,"45","South Carolina",46
"1730",2024-03-09,"45","South Carolina",51
"1731",2024-03-16,"45","South Carolina",60
"1732",2024-03-23,"45","South Carolina",62
"1733",2024-03-30,"45","South Carolina",55
"1734",2024-04-06,"45","South Carolina",22
"1735",2024-04-13,"45","South Carolina",24
"1736",2024-04-20,"45","South Carolina",12
"1737",2024-04-27,"45","South Carolina",44
"1738",2024-05-04,"45","South Carolina",90
"1739",2024-05-11,"45","South Carolina",20
"1740",2024-05-18,"45","South Carolina",100
"1741",2024-05-25,"45","South Carolina",61
"1742",2024-06-01,"45","South Carolina",92
"1743",2024-06-08,"45","South Carolina",80
"1744",2024-06-15,"45","South Carolina",49
"1745",2024-06-22,"45","South Carolina",44
"1746",2024-06-29,"45","South Carolina",66
"1747",2024-07-06,"45","South Carolina",37
"1748",2024-07-13,"45","South Carolina",19
"1749",2024-07-20,"45","South Carolina",77
"1750",2024-07-27,"45","South Carolina",94
"1751",2024-08-03,"45","South Carolina",56
"1752",2024-08-10,"45","South Carolina",5
"1753",2024-08-17,"45","South Carolina",71
"1754",2024-08-24,"45","South Carolina",16
"1755",2024-08-31,"45","South Carolina",83
"1756",2024-09-07,"45","South Carolina",56
"1757",2024-09-14,"45","South Carolina",26
"1758",2024-09-21,"45","South Carolina",45
"1759",2024-09-28,"45","South Carolina",38
"1760",2024-10-05,"45","South Carolina",10
"1761",2024-10-12,"45","South Carolina",40
"1762",2024-10-19,"45","South Carolina",10
"1763",2024-10-26,"45","South Carolina",38
"1764",2024-01-06,"46","South Dakota",91
"1765",2024-01-13,"46","South Dakota",51
"1766",2024-01-20,"46","South Dakota",29
"1767",2024-01-27,"46","South Dakota",94
"1768",2024-02-03,"46","South Dakota",87
"1769",2024-02-10,"46","South Dakota",54
"1770",2024-02-17,"46","South Dakota",85
"1771",2024-02-24,"46","South Dakota",66
"1772",2024-03-02,"46","South Dakota",87
"1773",2024-03-09,"46","South Dakota",64
"1774",2024-03-16,"46","South Dakota",19
"1775",2024-03-23,"46","South Dakota",19
"1776",2024-03-30,"46","South Dakota",77
"1777",2024-04-06,"46","South Dakota",33
"1778",2024-04-13,"46","South Dakota",38
"1779",2024-04-20,"46","South Dakota",64
"1780",2024-04-27,"46","South Dakota",37
"1781",2024-05-04,"46","South Dakota",71
"1782",2024-05-11,"46","South Dakota",26
"1783",2024-05-18,"46","South Dakota",81
"1784",2024-05-25,"46","South Dakota",47
"1785",2024-06-01,"46","South Dakota",37
"1786",2024-06-08,"46","South Dakota",32
"1787",2024-06-15,"46","South Dakota",45
"1788",2024-06-22,"46","South Dakota",40
"1789",2024-06-29,"46","South Dakota",97
"1790",2024-07-06,"46","South Dakota",36
"1791",2024-07-13,"46","South Dakota",56
"1792",2024-07-20,"46","South Dakota",50
"1793",2024-07-27,"46","South Dakota",68
"1794",2024-08-03,"46","South Dakota",40
"1795",2024-08-10,"46","South Dakota",28
"1796",2024-08-17,"46","South Dakota",56
"1797",2024-08-24,"46","South Dakota",85
"1798",2024-08-31,"46","South Dakota",54
"1799",2024-09-07,"46","South Dakota",55
"1800",2024-09-14,"46","South Dakota",87
"1801",2024-09-21,"46","South Dakota",36
"1802",2024-09-28,"46","South Dakota",82
"1803",2024-10-05,"46","South Dakota",46
"1804",2024-10-12,"46","South Dakota",28
"1805",2024-10-19,"46","South Dakota",95
"1806",2024-10-26,"46","South Dakota",12
"1807",2024-01-06,"47","Tennessee",11
"1808",2024-01-13,"47","Tennessee",88
"1809",2024-01-20,"47","Tennessee",30
"1810",2024-01-27,"47","Tennessee",11
"1811",2024-02-03,"47","Tennessee",88
"1812",2024-02-10,"47","Tennessee",17
"1813",2024-02-17,"47","Tennessee",23
"1814",2024-02-24,"47","Tennessee",98
"1815",2024-03-02,"47","Tennessee",74
"1816",2024-03-09,"47","Tennessee",54
"1817",2024-03-16,"47","Tennessee",4
"1818",2024-03-23,"47","Tennessee",70
"1819",2024-03-30,"47","Tennessee",74
"1820",2024-04-06,"47","Tennessee",83
"1821",2024-04-13,"47","Tennessee",41
"1822",2024-04-20,"47","Tennessee",92
"1823",2024-04-27,"47","Tennessee",48
"1824",2024-05-04,"47","Tennessee",73
"1825",2024-05-11,"47","Tennessee",7
"1826",2024-05-18,"47","Tennessee",51
"1827",2024-05-25,"47","Tennessee",24
"1828",2024-06-01,"47","Tennessee",82
"1829",2024-06-08,"47","Tennessee",88
"1830",2024-06-15,"47","Tennessee",72
"1831",2024-06-22,"47","Tennessee",64
"1832",2024-06-29,"47","Tennessee",60
"1833",2024-07-06,"47","Tennessee",16
"1834",2024-07-13,"47","Tennessee",47
"1835",2024-07-20,"47","Tennessee",82
"1836",2024-07-27,"47","Tennessee",29
"1837",2024-08-03,"47","Tennessee",61
"1838",2024-08-10,"47","Tennessee",62
"1839",2024-08-17,"47","Tennessee",25
"1840",2024-08-24,"47","Tennessee",80
"1841",2024-08-31,"47","Tennessee",69
"1842",2024-09-07,"47","Tennessee",23
"1843",2024-09-14,"47","Tennessee",67
"1844",2024-09-21,"47","Tennessee",70
"1845",2024-09-28,"47","Tennessee",89
"1846",2024-10-05,"47","Tennessee",19
"1847",2024-10-12,"47","Tennessee",11
"1848",2024-10-19,"47","Tennessee",12
"1849",2024-10-26,"47","Tennessee",97
"1850",2024-01-06,"48","Texas",62
"1851",2024-01-13,"48","Texas",72
"1852",2024-01-20,"48","Texas",71
"1853",2024-01-27,"48","Texas",79
"1854",2024-02-03,"48","Texas",99
"1855",2024-02-10,"48","Texas",7
"1856",2024-02-17,"48","Texas",13
"1857",2024-02-24,"48","Texas",84
"1858",2024-03-02,"48","Texas",73
"1859",2024-03-09,"48","Texas",12
"1860",2024-03-16,"48","Texas",78
"1861",2024-03-23,"48","Texas",92
"1862",2024-03-30,"48","Texas",73
"1863",2024-04-06,"48","Texas",96
"1864",2024-04-13,"48","Texas",36
"1865",2024-04-20,"48","Texas",83
"1866",2024-04-27,"48","Texas",34
"1867",2024-05-04,"48","Texas",61
"1868",2024-05-11,"48","Texas",56
"1869",2024-05-18,"48","Texas",76
"1870",2024-05-25,"48","Texas",14
"1871",2024-06-01,"48","Texas",74
"1872",2024-06-08,"48","Texas",16
"1873",2024-06-15,"48","Texas",98
"1874",2024-06-22,"48","Texas",74
"1875",2024-06-29,"48","Texas",66
"1876",2024-07-06,"48","Texas",21
"1877",2024-07-13,"48","Texas",8
"1878",2024-07-20,"48","Texas",33
"1879",2024-07-27,"48","Texas",97
"1880",2024-08-03,"48","Texas",79
"1881",2024-08-10,"48","Texas",88
"1882",2024-08-17,"48","Texas",18
"1883",2024-08-24,"48","Texas",99
"1884",2024-08-31,"48","Texas",16
"1885",2024-09-07,"48","Texas",4
"1886",2024-09-14,"48","Texas",39
"1887",2024-09-21,"48","Texas",98
"1888",2024-09-28,"48","Texas",62
"1889",2024-10-05,"48","Texas",92
"1890",2024-10-12,"48","Texas",36
"1891",2024-10-19,"48","Texas",83
"1892",2024-10-26,"48","Texas",23
"1893",2024-01-06,"49","Utah",72
"1894",2024-01-13,"49","Utah",19
"1895",2024-01-20,"49","Utah",71
"1896",2024-01-27,"49","Utah",76
"1897",2024-02-03,"49","Utah",66
"1898",2024-02-10,"49","Utah",18
"1899",2024-02-17,"49","Utah",57
"1900",2024-02-24,"49","Utah",48
"1901",2024-03-02,"49","Utah",23
"1902",2024-03-09,"49","Utah",11
"1903",2024-03-16,"49","Utah",2
"1904",2024-03-23,"49","Utah",46
"1905",2024-03-30,"49","Utah",89
"1906",2024-04-06,"49","Utah",89
"1907",2024-04-13,"49","Utah",17
"1908",2024-04-20,"49","Utah",22
"1909",2024-04-27,"49","Utah",77
"1910",2024-05-04,"49","Utah",86
"1911",2024-05-11,"49","Utah",25
"1912",2024-05-18,"49","Utah",55
"1913",2024-05-25,"49","Utah",73
"1914",2024-06-01,"49","Utah",60
"1915",2024-06-08,"49","Utah",35
"1916",2024-06-15,"49","Utah",88
"1917",2024-06-22,"49","Utah",42
"1918",2024-06-29,"49","Utah",76
"1919",2024-07-06,"49","Utah",15
"1920",2024-07-13,"49","Utah",15
"1921",2024-07-20,"49","Utah",36
"1922",2024-07-27,"49","Utah",25
"1923",2024-08-03,"49","Utah",41
"1924",2024-08-10,"49","Utah",5
"1925",2024-08-17,"49","Utah",78
"1926",2024-08-24,"49","Utah",81
"1927",2024-08-31,"49","Utah",2
"1928",2024-09-07,"49","Utah",51
"1929",2024-09-14,"49","Utah",88
"1930",2024-09-21,"49","Utah",75
"1931",2024-09-28,"49","Utah",33
"1932",2024-10-05,"49","Utah",7
"1933",2024-10-12,"49","Utah",15
"1934",2024-10-19,"49","Utah",90
"1935",2024-10-26,"49","Utah",87
"1936",2024-01-06,"50","Vermont",11
"1937",2024-01-13,"50","Vermont",48
"1938",2024-01-20,"50","Vermont",25
"1939",2024-01-27,"50","Vermont",10
"1940",2024-02-03,"50","Vermont",98
"1941",2024-02-10,"50","Vermont",28
"1942",2024-02-17,"50","Vermont",6
"1943",2024-02-24,"50","Vermont",12
"1944",2024-03-02,"50","Vermont",19
"1945",2024-03-09,"50","Vermont",35
"1946",2024-03-16,"50","Vermont",8
"1947",2024-03-23,"50","Vermont",55
"1948",2024-03-30,"50","Vermont",92
"1949",2024-04-06,"50","Vermont",48
"1950",2024-04-13,"50","Vermont",2
"1951",2024-04-20,"50","Vermont",77
"1952",2024-04-27,"50","Vermont",53
"1953",2024-05-04,"50","Vermont",83
"1954",2024-05-11,"50","Vermont",31
"1955",2024-05-18,"50","Vermont",75
"1956",2024-05-25,"50","Vermont",75
"1957",2024-06-01,"50","Vermont",29
"1958",2024-06-08,"50","Vermont",33
"1959",2024-06-15,"50","Vermont",27
"1960",2024-06-22,"50","Vermont",25
"1961",2024-06-29,"50","Vermont",72
"1962",2024-07-06,"50","Vermont",97
"1963",2024-07-13,"50","Vermont",92
"1964",2024-07-20,"50","Vermont",56
"1965",2024-07-27,"50","Vermont",40
"1966",2024-08-03,"50","Vermont",63
"1967",2024-08-10,"50","Vermont",72
"1968",2024-08-17,"50","Vermont",80
"1969",2024-08-24,"50","Vermont",10
"1970",2024-08-31,"50","Vermont",15
"1971",2024-09-07,"50","Vermont",42
"1972",2024-09-14,"50","Vermont",24
"1973",2024-09-21,"50","Vermont",92
"1974",2024-09-28,"50","Vermont",40
"1975",2024-10-05,"50","Vermont",2
"1976",2024-10-12,"50","Vermont",18
"1977",2024-10-19,"50","Vermont",75
"1978",2024-10-26,"50","Vermont",2
"1979",2024-01-06,"51","Virginia",60
"1980",2024-01-13,"51","Virginia",19
"1981",2024-01-20,"51","Virginia",66
"1982",2024-01-27,"51","Virginia",41
"1983",2024-02-03,"51","Virginia",87
"1984",2024-02-10,"51","Virginia",5
"1985",2024-02-17,"51","Virginia",6
"1986",2024-02-24,"51","Virginia",81
"1987",2024-03-02,"51","Virginia",27
"1988",2024-03-09,"51","Virginia",12
"1989",2024-03-16,"51","Virginia",79
"1990",2024-03-23,"51","Virginia",98
"1991",2024-03-30,"51","Virginia",14
"1992",2024-04-06,"51","Virginia",2
"1993",2024-04-13,"51","Virginia",80
"1994",2024-04-20,"51","Virginia",15
"1995",2024-04-27,"51","Virginia",61
"1996",2024-05-04,"51","Virginia",74
"1997",2024-05-11,"51","Virginia",24
"1998",2024-05-18,"51","Virginia",91
"1999",2024-05-25,"51","Virginia",3
"2000",2024-06-01,"51","Virginia",34
"2001",2024-06-08,"51","Virginia",43
"2002",2024-06-15,"51","Virginia",40
"2003",2024-06-22,"51","Virginia",59
"2004",2024-06-29,"51","Virginia",30
"2005",2024-07-06,"51","Virginia",16
"2006",2024-07-13,"51","Virginia",9
"2007",2024-07-20,"51","Virginia",57
"2008",2024-07-27,"51","Virginia",64
"2009",2024-08-03,"51","Virginia",47
"2010",2024-08-10,"51","Virginia",77
"2011",2024-08-17,"51","Virginia",55
"2012",2024-08-24,"51","Virginia",91
"2013",2024-08-31,"51","Virginia",82
"2014",2024-09-07,"51","Virginia",44
"2015",2024-09-14,"51","Virginia",73
"2016",2024-09-21,"51","Virginia",99
"2017",2024-09-28,"51","Virginia",58
"2018",2024-10-05,"51","Virginia",73
"2019",2024-10-12,"51","Virginia",48
"2020",2024-10-19,"51","Virginia",69
"2021",2024-10-26,"51","Virginia",40
"2022",2024-01-06,"53","Washington",92
"2023",2024-01-13,"53","Washington",62
"2024",2024-01-20,"53","Washington",82
"2025",2024-01-27,"53","Washington",6
"2026",2024-02-03,"53","Washington",22
"2027",2024-02-10,"53","Washington",90
"2028",2024-02-17,"53","Washington",38
"2029",2024-02-24,"53","Washington",36
"2030",2024-03-02,"53","Washington",15
"2031",2024-03-09,"53","Washington",49
"2032",2024-03-16,"53","Washington",27
"2033",2024-03-23,"53","Washington",72
"2034",2024-03-30,"53","Washington",57
"2035",2024-04-06,"53","Washington",86
"2036",2024-04-13,"53","Washington",89
"2037",2024-04-20,"53","Washington",14
"2038",2024-04-27,"53","Washington",72
"2039",2024-05-04,"53","Washington",3
"2040",2024-05-11,"53","Washington",64
"2041",2024-05-18,"53","Washington",42
"2042",2024-05-25,"53","Washington",19
"2043",2024-06-01,"53","Washington",31
"2044",2024-06-08,"53","Washington",44
"2045",2024-06-15,"53","Washington",70
"2046",2024-06-22,"53","Washington",26
"2047",2024-06-29,"53","Washington",29
"2048",2024-07-06,"53","Washington",39
"2049",2024-07-13,"53","Washington",21
"2050",2024-07-20,"53","Washington",57
"2051",2024-07-27,"53","Washington",4
"2052",2024-08-03,"53","Washington",10
"2053",2024-08-10,"53","Washington",80
"2054",2024-08-17,"53","Washington",55
"2055",2024-08-24,"53","Washington",80
"2056",2024-08-31,"53","Washington",35
"2057",2024-09-07,"53","Washington",39
"2058",2024-09-14,"53","Washington",30
"2059",2024-09-21,"53","Washington",21
"2060",2024-09-28,"53","Washington",91
"2061",2024-10-05,"53","Washington",38
"2062",2024-10-12,"53","Washington",2
"2063",2024-10-19,"53","Washington",46
"2064",2024-10-26,"53","Washington",36
"2065",2024-01-06,"54","West Virginia",54
"2066",2024-01-13,"54","West Virginia",10
"2067",2024-01-20,"54","West Virginia",37
"2068",2024-01-27,"54","West Virginia",44
"2069",2024-02-03,"54","West Virginia",68
"2070",2024-02-10,"54","West Virginia",99
"2071",2024-02-17,"54","West Virginia",7
"2072",2024-02-24,"54","West Virginia",11
"2073",2024-03-02,"54","West Virginia",2
"2074",2024-03-09,"54","West Virginia",13
"2075",2024-03-16,"54","West Virginia",32
"2076",2024-03-23,"54","West Virginia",11
"2077",2024-03-30,"54","West Virginia",87
"2078",2024-04-06,"54","West Virginia",40
"2079",2024-04-13,"54","West Virginia",40
"2080",2024-04-20,"54","West Virginia",6
"2081",2024-04-27,"54","West Virginia",5
"2082",2024-05-04,"54","West Virginia",29
"2083",2024-05-11,"54","West Virginia",48
"2084",2024-05-18,"54","West Virginia",60
"2085",2024-05-25,"54","West Virginia",65
"2086",2024-06-01,"54","West Virginia",10
"2087",2024-06-08,"54","West Virginia",2
"2088",2024-06-15,"54","West Virginia",99
"2089",2024-06-22,"54","West Virginia",63
"2090",2024-06-29,"54","West Virginia",77
"2091",2024-07-06,"54","West Virginia",92
"2092",2024-07-13,"54","West Virginia",15
"2093",2024-07-20,"54","West Virginia",70
"2094",2024-07-27,"54","West Virginia",61
"2095",2024-08-03,"54","West Virginia",15
"2096",2024-08-10,"54","West Virginia",98
"2097",2024-08-17,"54","West Virginia",49
"2098",2024-08-24,"54","West Virginia",35
"2099",2024-08-31,"54","West Virginia",57
"2100",2024-09-07,"54","West Virginia",50
"2101",2024-09-14,"54","West Virginia",74
"2102",2024-09-21,"54","West Virginia",76
"2103",2024-09-28,"54","West Virginia",8
"2104",2024-10-05,"54","West Virginia",8
"2105",2024-10-12,"54","West Virginia",4
"2106",2024-10-19,"54","West Virginia",15
"2107",2024-10-26,"54","West Virginia",81
"2108",2024-01-06,"55","Wisconsin",91
"2109",2024-01-13,"55","Wisconsin",34
"2110",2024-01-20,"55","Wisconsin",27
"2111",2024-01-27,"55","Wisconsin",71
"2112",2024-02-03,"55","Wisconsin",91
"2113",2024-02-10,"55","Wisconsin",13
"2114",2024-02-17,"55","Wisconsin",8
"2115",2024-02-24,"55","Wisconsin",25
"2116",2024-03-02,"55","Wisconsin",64
"2117",2024-03-09,"55","Wisconsin",53
"2118",2024-03-16,"55","Wisconsin",53
"2119",2024-03-23,"55","Wisconsin",26
"2120",2024-03-30,"55","Wisconsin",81
"2121",2024-04-06,"55","Wisconsin",12
"2122",2024-04-13,"55","Wisconsin",45
"2123",2024-04-20,"55","Wisconsin",16
"2124",2024-04-27,"55","Wisconsin",10
"2125",2024-05-04,"55","Wisconsin",5
"2126",2024-05-11,"55","Wisconsin",47
"2127",2024-05-18,"55","Wisconsin",6
"2128",2024-05-25,"55","Wisconsin",21
"2129",2024-06-01,"55","Wisconsin",81
"2130",2024-06-08,"55","Wisconsin",26
"2131",2024-06-15,"55","Wisconsin",95
"2132",2024-06-22,"55","Wisconsin",76
"2133",2024-06-29,"55","Wisconsin",93
"2134",2024-07-06,"55","Wisconsin",43
"2135",2024-07-13,"55","Wisconsin",24
"2136",2024-07-20,"55","Wisconsin",72
"2137",2024-07-27,"55","Wisconsin",65
"2138",2024-08-03,"55","Wisconsin",87
"2139",2024-08-10,"55","Wisconsin",35
"2140",2024-08-17,"55","Wisconsin",62
"2141",2024-08-24,"55","Wisconsin",74
"2142",2024-08-31,"55","Wisconsin",28
"2143",2024-09-07,"55","Wisconsin",52
"2144",2024-09-14,"55","Wisconsin",23
"2145",2024-09-21,"55","Wisconsin",15
"2146",2024-09-28,"55","Wisconsin",39
"2147",2024-10-05,"55","Wisconsin",93
"2148",2024-10-12,"55","Wisconsin",55
"2149",2024-10-19,"55","Wisconsin",86
"2150",2024-10-26,"55","Wisconsin",16
"2151",2024-01-06,"56","Wyoming",95
"2152",2024-01-13,"56","Wyoming",76
"2153",2024-01-20,"56","Wyoming",20
"2154",2024-01-27,"56","Wyoming",73
"2155",2024-02-03,"56","Wyoming",28
"2156",2024-02-10,"56","Wyoming",3
"2157",2024-02-17,"56","Wyoming",45
"2158",2024-02-24,"56","Wyoming",61
"2159",2024-03-02,"56","Wyoming",57
"2160",2024-03-09,"56","Wyoming",60
"2161",2024-03-16,"56","Wyoming",68
"2162",2024-03-23,"56","Wyoming",74
"2163",2024-03-30,"56","Wyoming",74
"2164",2024-04-06,"56","Wyoming",5
"2165",2024-04-13,"56","Wyoming",75
"2166",2024-04-20,"56","Wyoming",12
"2167",2024-04-27,"56","Wyoming",5
"2168",2024-05-04,"56","Wyoming",88
"2169",2024-05-11,"56","Wyoming",62
"2170",2024-05-18,"56","Wyoming",68
"2171",2024-05-25,"56","Wyoming",98
"2172",2024-06-01,"56","Wyoming",96
"2173",2024-06-08,"56","Wyoming",65
"2174",2024-06-15,"56","Wyoming",83
"2175",2024-06-22,"56","Wyoming",11
"2176",2024-06-29,"56","Wyoming",39
"2177",2024-07-06,"56","Wyoming",29
"2178",2024-07-13,"56","Wyoming",91
"2179",2024-07-20,"56","Wyoming",88
"2180",2024-07-27,"56","Wyoming",5
"2181",2024-08-03,"56","Wyoming",66
"2182",2024-08-10,"56","Wyoming",41
"2183",2024-08-17,"56","Wyoming",26
"2184",2024-08-24,"56","Wyoming",28
"2185",2024-08-31,"56","Wyoming",47
"2186",2024-09-07,"56","Wyoming",70
"2187",2024-09-14,"56","Wyoming",90
"2188",2024-09-21,"56","Wyoming",92
"2189",2024-09-28,"56","Wyoming",70
"2190",2024-10-05,"56","Wyoming",4
"2191",2024-10-12,"56","Wyoming",64
"2192",2024-10-19,"56","Wyoming",22
"2193",2024-10-26,"56","Wyoming",79
